Date,NIFTY_Put_OI,NIFTY_Call_OI,NIFTY_Fut_OI,Total_Options_OI,PCR
2021-01-01,63556725.0,46307550.0,13154850.0,109864275.0,1.3725
2021-01-04,75260775.0,49468500.0,13716075.0,124729275.0,1.5214
2021-01-05,89125200.0,54993150.0,14254725.0,144118350.0,1.6207
2021-01-06,85296075.0,68451750.0,13431900.0,153747825.0,1.2461
2021-01-07,93355950.0,78445575.0,13371150.0,171801525.0,1.1901
2021-01-08,86461425.0,50645250.0,14499000.0,137106675.0,1.7072
2021-01-11,98498775.0,54822225.0,15115200.0,153321000.0,1.7967
2021-01-12,102796275.0,59430825.0,15205050.0,162227100.0,1.7297
2021-01-13,101875875.0,69550050.0,14600625.0,171425925.0,1.4648
2021-01-14,109054350.0,74121375.0,14652075.0,183175725.0,1.4713
2021-01-15,78788700.0,66238575.0,14272275.0,145027275.0,1.1895
2021-01-18,81490125.0,72899550.0,13839600.0,154389675.0,1.1178
2021-01-19,90479325.0,66521325.0,13916550.0,157000650.0,1.3602
2021-01-20,92801925.0,64362675.0,14595300.0,157164600.0,1.4419
2021-01-21,92564400.0,72490200.0,14441025.0,165054600.0,1.2769
2021-01-22,73269975.0,64412850.0,13739625.0,137682825.0,1.1375
2021-01-25,74202075.0,72727200.0,14044725.0,146929275.0,1.0203
2021-01-27,73800375.0,82830300.0,13623300.0,156630675.0,0.891
2021-01-28,79814550.0,87825375.0,13214925.0,167639925.0,0.9088
2021-01-29,53572275.0,54600300.0,9887325.0,108172575.0,0.9812
2021-02-01,77337225.0,54778425.0,10817100.0,132115650.0,1.4118
2021-02-02,85358400.0,61446600.0,10707075.0,146805000.0,1.3891
2021-02-03,91887750.0,63000375.0,11202450.0,154888125.0,1.4585
2021-02-04,104975550.0,69322500.0,12112800.0,174298050.0,1.5143
2021-02-05,74448675.0,52796475.0,12267300.0,127245150.0,1.4101
2021-02-08,85754400.0,56272350.0,12251025.0,142026750.0,1.5239
2021-02-09,86295975.0,62517225.0,12229650.0,148813200.0,1.3804
2021-02-10,89674500.0,69237450.0,12178125.0,158911950.0,1.2952
2021-02-11,102104175.0,74925375.0,12406125.0,177029550.0,1.3627
2021-02-12,73588800.0,53247675.0,12604725.0,126836475.0,1.382
2021-02-15,84295725.0,53712000.0,12710025.0,138007725.0,1.5694
2021-02-16,84116100.0,65265525.0,12693375.0,149381625.0,1.2888
2021-02-17,86584200.0,74244150.0,13039425.0,160828350.0,1.1662
2021-02-18,93629625.0,83842800.0,13083825.0,177472425.0,1.1167
2021-02-19,73425975.0,61587825.0,13014450.0,135013800.0,1.1922
2021-02-22,75198375.0,75714450.0,12555450.0,150912825.0,0.9932
2021-02-23,83061075.0,78464175.0,12512925.0,161525250.0,1.0586
2021-02-24,89161725.0,65481450.0,12618600.0,154643175.0,1.3616
2021-02-25,97739775.0,79258125.0,13356525.0,176997900.0,1.2332
2021-02-26,61516650.0,66261825.0,12057225.0,127778475.0,0.9284
2021-03-01,71679825.0,68458500.0,11290350.0,140138325.0,1.0471
2021-03-02,80298675.0,67170075.0,11684475.0,147468750.0,1.1955
2021-03-03,96362175.0,66745500.0,11850750.0,163107675.0,1.4437
2021-03-04,94103325.0,76209000.0,14096625.0,170312325.0,1.2348
2021-03-05,74906100.0,67144575.0,14631600.0,142050675.0,1.1156
2021-03-08,82937025.0,78441525.0,14718075.0,161378550.0,1.0573
2021-03-09,88775550.0,80110650.0,13419900.0,168886200.0,1.1082
2021-03-10,93762000.0,83822775.0,13186125.0,177584775.0,1.1186
2021-03-12,76604850.0,75100275.0,13651350.0,151705125.0,1.02
2021-03-15,77908875.0,83752500.0,13448100.0,161661375.0,0.9302
2021-03-16,78862500.0,85376775.0,12937425.0,164239275.0,0.9237
2021-03-17,79715550.0,92068050.0,12558675.0,171783600.0,0.8658
2021-03-18,81094125.0,97907625.0,12490125.0,179001750.0,0.8283
2021-03-19,76137000.0,63426900.0,12240075.0,139563900.0,1.2004
2021-03-22,82322625.0,72525600.0,12816525.0,154848225.0,1.1351
2021-03-23,89178075.0,71808825.0,12442500.0,160986900.0,1.2419
2021-03-24,84356325.0,86868525.0,12387000.0,171224850.0,0.9711
2021-03-25,82834875.0,92018325.0,12041625.0,174853200.0,0.9002
2021-03-26,65684175.0,57714300.0,10255200.0,123398475.0,1.1381
2021-03-31,89015475.0,81230025.0,12637500.0,170245500.0,1.0958
2021-04-01,96716625.0,83696025.0,11801100.0,180412650.0,1.1556
2021-04-05,69419250.0,64956825.0,11697750.0,134376075.0,1.0687
2021-04-06,79622625.0,70568550.0,11500125.0,150191175.0,1.1283
2021-04-07,92500350.0,71659275.0,11783325.0,164159625.0,1.2908
2021-04-08,96739875.0,80716725.0,11524875.0,177456600.0,1.1985
2021-04-09,75356400.0,58603200.0,12422175.0,133959600.0,1.2859
2021-04-12,74150775.0,83885175.0,12391500.0,158035950.0,0.884
2021-04-13,86121150.0,74753850.0,12102900.0,160875000.0,1.1521
2021-04-15,98352000.0,86474100.0,12134325.0,184826100.0,1.1374
2021-04-16,80479650.0,58263075.0,12950025.0,138742725.0,1.3813
2021-04-19,86429625.0,72003150.0,12292725.0,158432775.0,1.2004
2021-04-20,87627450.0,81066750.0,12510825.0,168694200.0,1.0809
2021-04-22,106979625.0,84524775.0,12298425.0,191504400.0,1.2657
2021-04-23,77440425.0,60796500.0,12421500.0,138236925.0,1.2738
2021-04-26,87914700.0,63476775.0,12853050.0,151391475.0,1.385
2021-04-27,96847575.0,64241625.0,13539225.0,161089200.0,1.5076
2021-04-28,105368325.0,67130325.0,14981700.0,172498650.0,1.5696
2021-04-29,104242425.0,77940825.0,15445125.0,182183250.0,1.3375
2021-04-30,63671000.0,59724275.0,10856375.0,123395275.0,1.0661
2021-05-03,77587450.0,72498275.0,11336300.0,150085725.0,1.0702
2021-05-04,78940000.0,85386275.0,11846875.0,164326275.0,0.9245
2021-05-05,87266975.0,83571600.0,11725925.0,170838575.0,1.0442
2021-05-06,101196975.0,88204275.0,12174600.0,189401250.0,1.1473
2021-05-07,80551925.0,60548600.0,12241500.0,141100525.0,1.3304
2021-05-10,93278300.0,70202725.0,12225025.0,163481025.0,1.3287
2021-05-11,97237200.0,76424525.0,12766025.0,173661725.0,1.2723
2021-05-12,97075000.0,96362075.0,13050400.0,193437075.0,1.0074
2021-05-14,80840300.0,72665825.0,12334100.0,153506125.0,1.1125
2021-05-17,97113025.0,69197200.0,12585225.0,166310225.0,1.4034
2021-05-18,106345400.0,76312800.0,12523200.0,182658200.0,1.3935
2021-05-19,105458650.0,84609575.0,12314975.0,190068225.0,1.2464
2021-05-20,104079325.0,95248375.0,12245675.0,199327700.0,1.0927
2021-05-21,88225500.0,63720625.0,12085775.0,151946125.0,1.3846
2021-05-24,92312900.0,71148850.0,12176100.0,163461750.0,1.2975
2021-05-25,93944325.0,77054350.0,12605175.0,170998675.0,1.2192
2021-05-26,104846425.0,75837450.0,13195900.0,180683875.0,1.3825
2021-05-27,111266275.0,81567675.0,13551175.0,192833950.0,1.3641
2021-05-28,73734400.0,55817650.0,11114450.0,129552050.0,1.321
2021-05-31,90647625.0,59978075.0,11388325.0,150625700.0,1.5113
2021-06-01,93646650.0,70996650.0,11584075.0,164643300.0,1.319
2021-06-02,93185975.0,73227850.0,10959450.0,166413825.0,1.2725
2021-06-03,101106700.0,75024750.0,11438900.0,176131450.0,1.3476
2021-06-04,79244675.0,60824475.0,11505600.0,140069150.0,1.3028
2021-06-07,87417825.0,61991575.0,11714775.0,149409400.0,1.4102
2021-06-08,92429950.0,71282025.0,11832875.0,163711975.0,1.2967
2021-06-09,89039575.0,79503700.0,11634400.0,168543275.0,1.1199
2021-06-10,99423925.0,75678550.0,12356500.0,175102475.0,1.3138
2021-06-11,81117050.0,60022400.0,13016975.0,141139450.0,1.3514
2021-06-14,87882875.0,61822075.0,12876050.0,149704950.0,1.4215
2021-06-15,95411000.0,67353675.0,13517950.0,162764675.0,1.4166
2021-06-16,93527075.0,83293100.0,12170850.0,176820175.0,1.1229
2021-06-17,92791725.0,86379900.0,11607850.0,179171625.0,1.0742
2021-06-18,77580000.0,65572500.0,10745100.0,143152500.0,1.1831
2021-06-21,87941850.0,72442675.0,10741900.0,160384525.0,1.214
2021-06-22,86258100.0,80157275.0,10749600.0,166415375.0,1.0761
2021-06-23,90470200.0,94082175.0,10426225.0,184552375.0,0.9616
2021-06-24,99307075.0,85828475.0,11490575.0,185135550.0,1.157
2021-06-25,64338850.0,53667125.0,10058450.0,118005975.0,1.1989
2021-06-28,70660150.0,71437500.0,9934050.0,142097650.0,0.9891
2021-06-29,74657600.0,82500950.0,9897100.0,157158550.0,0.9049
2021-06-30,77496750.0,85754325.0,10158800.0,163251075.0,0.9037
2021-07-01,82243000.0,91999450.0,10195900.0,174242450.0,0.894
2021-07-02,69939600.0,64067125.0,9847350.0,134006725.0,1.0917
2021-07-05,82514625.0,66130325.0,9904050.0,148644950.0,1.2478
2021-07-06,83169925.0,76877725.0,10142800.0,160047650.0,1.0818
2021-07-07,96399675.0,77415250.0,10043000.0,173814925.0,1.2452
2021-07-08,87949375.0,96929275.0,10576900.0,184878650.0,0.9074
2021-07-09,76432200.0,81148425.0,10274200.0,157580625.0,0.9419
2021-07-12,78844775.0,90842100.0,10037150.0,169686875.0,0.8679
2021-07-13,90843550.0,82587725.0,10069500.0,173431275.0,1.1
2021-07-14,99544325.0,81105425.0,10404500.0,180649750.0,1.2273
2021-07-15,104583625.0,80821450.0,10828800.0,185405075.0,1.294
2021-07-16,81041975.0,65611950.0,10570900.0,146653925.0,1.2352
2021-07-19,79538950.0,89646800.0,10328850.0,169185750.0,0.8872
2021-07-20,81994300.0,100751075.0,10850050.0,182745375.0,0.8138
2021-07-22,90794975.0,82294350.0,10033300.0,173089325.0,1.1033
2021-07-23,74976850.0,65417725.0,10320550.0,140394575.0,1.1461
2021-07-26,84437925.0,76618875.0,10567200.0,161056800.0,1.1021
2021-07-27,84094425.0,93084450.0,10775900.0,177178875.0,0.9034
2021-07-28,85798325.0,92485550.0,10787650.0,178283875.0,0.9277
2021-07-29,95378275.0,91661800.0,11508400.0,187040075.0,1.0405
2021-07-30,69851175.0,64127900.0,10304350.0,133979075.0,1.0892
2021-08-02,89949525.0,71826250.0,11409650.0,161775775.0,1.2523
2021-08-03,127233300.0,77297850.0,12757050.0,204531150.0,1.646
2021-08-04,124392525.0,81054250.0,12986350.0,205446775.0,1.5347
2021-08-05,124587650.0,87164975.0,13662450.0,211752625.0,1.4293
2021-08-06,89852475.0,64235725.0,13698850.0,154088200.0,1.3988
2021-08-09,97159550.0,72204800.0,13795700.0,169364350.0,1.3456
2021-08-10,104820750.0,80735625.0,14145850.0,185556375.0,1.2983
2021-08-11,104830150.0,85431450.0,13643150.0,190261600.0,1.2271
2021-08-12,129096650.0,83791375.0,14569750.0,212888025.0,1.5407
2021-08-13,117712550.0,67985825.0,15643350.0,185698375.0,1.7314
2021-08-16,126778450.0,75756800.0,15636600.0,202535250.0,1.6735
2021-08-17,132508000.0,79369275.0,15582350.0,211877275.0,1.6695
2021-08-18,112611225.0,87565175.0,15325050.0,200176400.0,1.286
2021-08-20,89081150.0,73390200.0,13946200.0,162471350.0,1.2138
2021-08-23,91172325.0,78986625.0,13610150.0,170158950.0,1.1543
2021-08-24,105440325.0,75929750.0,14003300.0,181370075.0,1.3887
2021-08-25,106773450.0,83926800.0,14753250.0,190700250.0,1.2722
2021-08-26,109230550.0,91630100.0,15546850.0,200860650.0,1.1921
2021-08-27,80988150.0,58053300.0,14208600.0,139041450.0,1.3951
2021-08-30,106210675.0,66999875.0,14773450.0,173210550.0,1.5852
2021-08-31,121274375.0,73126625.0,15363400.0,194401000.0,1.6584
2021-09-01,112626150.0,96268325.0,15310900.0,208894475.0,1.1699
2021-09-02,120737100.0,91612275.0,15924800.0,212349375.0,1.3179
2021-09-03,90964975.0,67265900.0,16066150.0,158230875.0,1.3523
2021-09-06,102369150.0,79092650.0,16174950.0,181461800.0,1.2943
2021-09-07,102756575.0,85625700.0,16168050.0,188382275.0,1.2001
2021-09-08,109292500.0,93448675.0,16069650.0,202741175.0,1.1695
2021-09-09,116810950.0,91750275.0,15972800.0,208561225.0,1.2731
2021-09-13,98175275.0,73820075.0,15673050.0,171995350.0,1.3299
2021-09-14,100510675.0,84381000.0,15864350.0,184891675.0,1.1912
2021-09-15,118623400.0,80622750.0,16563800.0,199246150.0,1.4713
2021-09-16,121020650.0,80186650.0,16748300.0,201207300.0,1.5092
2021-09-17,98320650.0,85417000.0,16086350.0,183737650.0,1.1511
2021-09-20,96470325.0,98709100.0,15321750.0,195179425.0,0.9773
2021-09-21,107264850.0,93153300.0,14735800.0,200418150.0,1.1515
2021-09-22,110128900.0,96026825.0,14806700.0,206155725.0,1.1469
2021-09-23,121854825.0,85620750.0,15091950.0,207475575.0,1.4232
2021-09-24,96671225.0,76322400.0,15319550.0,172993625.0,1.2666
2021-09-27,103122025.0,93085550.0,15438550.0,196207575.0,1.1078
2021-09-28,103264700.0,109607225.0,15325150.0,212871925.0,0.9421
2021-09-29,110428650.0,116873150.0,15353100.0,227301800.0,0.9449
2021-09-30,107715075.0,114184950.0,16280800.0,221900025.0,0.9433
2021-10-01,74686225.0,75875400.0,12668350.0,150561625.0,0.9843
2021-10-04,89284575.0,82942325.0,12808900.0,172226900.0,1.0765
2021-10-05,99137950.0,82949575.0,12791350.0,182087525.0,1.1952
2021-10-06,94486700.0,113073875.0,13635200.0,207560575.0,0.8356
2021-10-07,105346800.0,94128550.0,13115850.0,199475350.0,1.1192
2021-10-08,87756725.0,67481800.0,13691150.0,155238525.0,1.3005
2021-10-11,100751200.0,77281700.0,13540550.0,178032900.0,1.3037
2021-10-12,104639600.0,81737925.0,13827500.0,186377525.0,1.2802
2021-10-13,121128850.0,81154850.0,13869200.0,202283700.0,1.4926
2021-10-14,120401900.0,83561725.0,13738250.0,203963625.0,1.4409
2021-10-18,103015775.0,73236675.0,13923050.0,176252450.0,1.4066
2021-10-19,106254000.0,86250075.0,14068950.0,192504075.0,1.2319
2021-10-20,99822275.0,109161725.0,13482400.0,208984000.0,0.9144
2021-10-21,98740300.0,118746325.0,13010650.0,217486625.0,0.8315
2021-10-22,84768225.0,103578500.0,12788100.0,188346725.0,0.8184
2021-10-25,89959050.0,110259175.0,12871500.0,200218225.0,0.8159
2021-10-26,97319850.0,99726250.0,12599250.0,197046100.0,0.9759
2021-10-27,98212225.0,113919200.0,13101050.0,212131425.0,0.8621
2021-10-28,96073150.0,124132875.0,13553950.0,220206025.0,0.774
2021-10-29,74106375.0,99465350.0,11561600.0,173571725.0,0.745
2021-11-01,93654100.0,103629825.0,11560500.0,197283925.0,0.9037
2021-11-02,92906225.0,119621550.0,11104650.0,212527775.0,0.7767
2021-11-03,92462500.0,114742925.0,11208000.0,207205425.0,0.8058
2021-11-04,73217100.0,68014700.0,11230600.0,141231800.0,1.0765
2021-11-08,97158150.0,86972200.0,11487850.0,184130350.0,1.1171
2021-11-09,96699400.0,101090250.0,11129850.0,197789650.0,0.9566
2021-11-10,98465575.0,104690275.0,11404250.0,203155850.0,0.9405
2021-11-11,99683900.0,119501475.0,11962650.0,219185375.0,0.8342
2021-11-12,93072600.0,80379125.0,11317250.0,173451725.0,1.1579
2021-11-15,96699300.0,98033175.0,11502850.0,194732475.0,0.9864
2021-11-16,93794125.0,109470100.0,11601750.0,203264225.0,0.8568
2021-11-17,95129825.0,117241275.0,11766400.0,212371100.0,0.8114
2021-11-18,99455550.0,126730075.0,12116250.0,226185625.0,0.7848
2021-11-22,78101400.0,115798550.0,12332200.0,193899950.0,0.6745
2021-11-23,90430175.0,108028575.0,12297150.0,198458750.0,0.8371
2021-11-24,95798000.0,121965325.0,12634350.0,217763325.0,0.7855
2021-11-25,115160325.0,110464725.0,13303000.0,225625050.0,1.0425
2021-11-26,70291700.0,96736300.0,11486350.0,167028000.0,0.7266
2021-11-29,86947475.0,103045825.0,11559700.0,189993300.0,0.8438
2021-11-30,92385950.0,103764250.0,11968000.0,196150200.0,0.8903
2021-12-01,113960525.0,112513100.0,12394850.0,226473625.0,1.0129
2021-12-02,138373675.0,105246425.0,12541600.0,243620100.0,1.3148
2021-12-03,82386175.0,90967100.0,12011050.0,173353275.0,0.9057
2021-12-06,88534800.0,124010400.0,12363600.0,212545200.0,0.7139
2021-12-07,105196100.0,108383525.0,12175650.0,213579625.0,0.9706
2021-12-08,126561400.0,100269300.0,12146200.0,226830700.0,1.2622
2021-12-09,126338875.0,102087075.0,12686050.0,228425950.0,1.2376
2021-12-10,92799350.0,72360350.0,12211650.0,165159700.0,1.2825
2021-12-13,98298725.0,113774250.0,11926850.0,212072975.0,0.864
2021-12-14,104173375.0,124601325.0,12947200.0,228774700.0,0.8361
2021-12-15,106998550.0,135937400.0,13156350.0,242935950.0,0.7871
2021-12-16,112273175.0,135262325.0,11995100.0,247535500.0,0.83
2021-12-17,90647750.0,112948800.0,12248350.0,203596550.0,0.8026
2021-12-20,95191075.0,132781000.0,11936000.0,227972075.0,0.7169
2021-12-21,102353075.0,116858425.0,11441650.0,219211500.0,0.8759
2021-12-22,117252450.0,115557925.0,11418600.0,232810375.0,1.0147
2021-12-23,124011225.0,117580775.0,11630100.0,241592000.0,1.0547
2021-12-24,88243650.0,88190575.0,11958050.0,176434225.0,1.0006
2021-12-27,114971500.0,92218075.0,12368150.0,207189575.0,1.2467
2021-12-28,126043250.0,94009075.0,12431200.0,220052325.0,1.3408
2021-12-29,128319250.0,107734075.0,12312350.0,236053325.0,1.1911
2021-12-30,125639475.0,106714150.0,13190850.0,232353625.0,1.1773
2021-12-31,84040775.0,59528075.0,11167350.0,143568850.0,1.4118
2022-01-03,106001625.0,67718775.0,11549850.0,173720400.0,1.5653
2022-01-04,114980025.0,73015475.0,11483850.0,187995500.0,1.5747
2022-01-05,126252300.0,80963575.0,11609500.0,207215875.0,1.5594
2022-01-06,117971400.0,97073700.0,11378100.0,215045100.0,1.2153
2022-01-07,90554975.0,71998550.0,11485950.0,162553525.0,1.2577
2022-01-10,108369900.0,74821050.0,11819300.0,183190950.0,1.4484
2022-01-11,112654950.0,83298750.0,11295650.0,195953700.0,1.3524
2022-01-12,123132525.0,84996150.0,11346650.0,208128675.0,1.4487
2022-01-13,129348425.0,95563350.0,11653050.0,224911775.0,1.3535
2022-01-14,101177950.0,81076425.0,11525400.0,182254375.0,1.2479
2022-01-17,112084150.0,84407225.0,11724450.0,196491375.0,1.3279
2022-01-18,99256100.0,107655275.0,11265350.0,206911375.0,0.922
2022-01-19,101962450.0,131267575.0,10835350.0,233230025.0,0.7768
2022-01-20,110498150.0,144663125.0,10816750.0,255161275.0,0.7638
2022-01-21,87362200.0,100021625.0,11179950.0,187383825.0,0.8734
2022-01-24,90873575.0,136624750.0,12702850.0,227498325.0,0.6651
2022-01-25,100706025.0,117947325.0,12618300.0,218653350.0,0.8538
2022-01-27,117002875.0,130813675.0,14655150.0,247816550.0,0.8944
2022-01-28,70087125.0,76311550.0,11443300.0,146398675.0,0.9184
2022-01-31,80384350.0,88796700.0,10323750.0,169181050.0,0.9053
2022-02-01,103837025.0,107596550.0,10811100.0,211433575.0,0.9651
2022-02-02,117161325.0,101913500.0,10733550.0,219074825.0,1.1496
2022-02-03,110946825.0,129169850.0,11582400.0,240116675.0,0.8589
2022-02-04,83891550.0,93240625.0,10809300.0,177132175.0,0.8997
2022-02-07,91530775.0,130979325.0,11588900.0,222510100.0,0.6988
2022-02-08,100483475.0,130654650.0,11083350.0,231138125.0,0.7691
2022-02-09,117915300.0,117737000.0,10875000.0,235652300.0,1.0015
2022-02-10,137939050.0,112288200.0,10844450.0,250227250.0,1.2284
2022-02-11,98318125.0,90181800.0,10925250.0,188499925.0,1.0902
2022-02-14,97108375.0,127310150.0,11423350.0,224418525.0,0.7628
2022-02-15,116778025.0,117273650.0,11408450.0,234051675.0,0.9958
2022-02-16,118766475.0,122876100.0,11936900.0,241642575.0,0.9666
2022-02-17,126591825.0,128486350.0,12383800.0,255078175.0,0.9853
2022-02-18,96920275.0,87997400.0,12762950.0,184917675.0,1.1014
2022-02-21,107119975.0,100792500.0,12571400.0,207912475.0,1.0628
2022-02-22,115861050.0,114796975.0,12853050.0,230658025.0,1.0093
2022-02-23,124551425.0,137149625.0,13061450.0,261701050.0,0.9081
2022-02-24,116359075.0,155095450.0,15110650.0,271454525.0,0.7502
2022-02-25,89048500.0,87154725.0,12276100.0,176203225.0,1.0217
2022-02-28,108906800.0,102421675.0,13759950.0,211328475.0,1.0633
2022-03-02,113074700.0,134549900.0,15460600.0,247624600.0,0.8404
2022-03-03,118119850.0,143165650.0,15648400.0,261285500.0,0.8251
2022-03-04,84359100.0,99341250.0,16170200.0,183700350.0,0.8492
2022-03-07,86229725.0,124866625.0,16272250.0,211096350.0,0.6906
2022-03-08,104151200.0,138066325.0,17118700.0,242217525.0,0.7544
2022-03-09,120394800.0,130179600.0,17477950.0,250574400.0,0.9248
2022-03-10,123828175.0,140307725.0,16601700.0,264135900.0,0.8825
2022-03-11,94924750.0,92173150.0,17252600.0,187097900.0,1.0299
2022-03-14,115550100.0,102613500.0,17938850.0,218163600.0,1.1261
2022-03-15,115580675.0,129065700.0,17716600.0,244646375.0,0.8955
2022-03-16,133220125.0,125932550.0,16305200.0,259152675.0,1.0579
2022-03-17,154374000.0,124568225.0,16768950.0,278942225.0,1.2393
2022-03-21,110831175.0,127900825.0,16716300.0,238732000.0,0.8665
2022-03-22,126123250.0,124467025.0,17070800.0,250590275.0,1.0133
2022-03-23,121953075.0,143604825.0,16634750.0,265557900.0,0.8492
2022-03-24,136490900.0,149172425.0,16396150.0,285663325.0,0.915
2022-03-25,100903475.0,107560575.0,16279200.0,208464050.0,0.9381
2022-03-28,110633625.0,118395925.0,16510600.0,229029550.0,0.9344
2022-03-29,127507650.0,118247200.0,17181100.0,245754850.0,1.0783
2022-03-30,136657000.0,116831950.0,17994050.0,253488950.0,1.1697
2022-03-31,132333550.0,127445400.0,18623150.0,259778950.0,1.0384
2022-04-01,91345000.0,70444975.0,14233200.0,161789975.0,1.2967
2022-04-04,117644100.0,87365675.0,13178800.0,205009775.0,1.3466
2022-04-05,117828525.0,111551375.0,12823850.0,229379900.0,1.0563
2022-04-06,111327950.0,129623075.0,12021300.0,240951025.0,0.8589
2022-04-07,113373900.0,143791675.0,11893850.0,257165575.0,0.7885
2022-04-08,91969075.0,90896175.0,11597350.0,182865250.0,1.0118
2022-04-11,99763575.0,116491975.0,11115800.0,216255550.0,0.8564
2022-04-12,100197325.0,134143575.0,11375950.0,234340900.0,0.7469
2022-04-13,107980975.0,149632425.0,11803550.0,257613400.0,0.7216
2022-04-18,90691825.0,119944375.0,12250200.0,210636200.0,0.7561
2022-04-19,91040775.0,133345400.0,12147000.0,224386175.0,0.6827
2022-04-20,107406625.0,129969100.0,11054750.0,237375725.0,0.8264
2022-04-21,137382125.0,120898350.0,11987050.0,258280475.0,1.1363
2022-04-22,90195500.0,98752725.0,11652600.0,188948225.0,0.9133
2022-04-25,102697675.0,124198525.0,12361600.0,226896200.0,0.8269
2022-04-26,121778775.0,115347925.0,12406200.0,237126700.0,1.0558
2022-04-27,128987550.0,141543575.0,12067050.0,270531125.0,0.9113
2022-04-28,151920225.0,125297075.0,12971400.0,277217300.0,1.2125
2022-04-29,93666375.0,97626025.0,10617700.0,191292400.0,0.9594
2022-05-02,106194850.0,106773775.0,11139350.0,212968625.0,0.9946
2022-05-04,100929575.0,155745075.0,12979650.0,256674650.0,0.648
2022-05-05,117621825.0,162122525.0,12629700.0,279744350.0,0.7255
2022-05-06,85051725.0,114630450.0,13272850.0,199682175.0,0.742
2022-05-09,103439875.0,129887975.0,13567300.0,233327850.0,0.7964
2022-05-10,110253400.0,144303925.0,12893700.0,254557325.0,0.764
2022-05-11,113140600.0,162908825.0,13079400.0,276049425.0,0.6945
2022-05-12,116164900.0,184228125.0,13461750.0,300393025.0,0.6305
2022-05-13,86765250.0,119289075.0,12672700.0,206054325.0,0.7274
2022-05-16,96738975.0,133308775.0,12766450.0,230047750.0,0.7257
2022-05-17,132416450.0,118104075.0,12508800.0,250520525.0,1.1212
2022-05-18,126700875.0,145483325.0,12026600.0,272184200.0,0.8709
2022-05-19,125078100.0,175181275.0,12987650.0,300259375.0,0.714
2022-05-20,108139875.0,101209025.0,12165350.0,209348900.0,1.0685
2022-05-23,113350150.0,112416675.0,12316600.0,225766825.0,1.0083
2022-05-24,122227350.0,136030900.0,12870450.0,258258250.0,0.8985
2022-05-25,116445200.0,159021500.0,13888700.0,275466700.0,0.7323
2022-05-26,142008125.0,144694825.0,16190050.0,286702950.0,0.9814
2022-05-27,91380775.0,79927975.0,12817000.0,171308750.0,1.1433
2022-05-30,115558175.0,89988425.0,13180350.0,205546600.0,1.2841
2022-05-31,114853700.0,104206175.0,12085500.0,219059875.0,1.1022
2022-06-01,112935150.0,137224850.0,12052400.0,250160000.0,0.823
2022-06-02,150411575.0,124933800.0,12420050.0,275345375.0,1.2039
2022-06-03,89117975.0,92107800.0,11773950.0,181225775.0,0.9675
2022-06-06,101719875.0,108142050.0,12809200.0,209861925.0,0.9406
2022-06-07,97895600.0,126227100.0,12942900.0,224122700.0,0.7756
2022-06-08,106784000.0,148415200.0,12969100.0,255199200.0,0.7195
2022-06-09,145333250.0,134143000.0,13227800.0,279476250.0,1.0834
2022-06-10,97794150.0,111379700.0,13281850.0,209173850.0,0.878
2022-06-13,104813950.0,150344600.0,12895700.0,255158550.0,0.6972
2022-06-14,110928250.0,151481425.0,12824050.0,262409675.0,0.7323
2022-06-15,119828650.0,159345000.0,12763350.0,279173650.0,0.752
2022-06-16,125006375.0,207500400.0,13423100.0,332506775.0,0.6024
2022-06-17,101374025.0,134408600.0,13279250.0,235782625.0,0.7542
2022-06-20,120418750.0,148753475.0,13241500.0,269172225.0,0.8095
2022-06-21,142975125.0,132253500.0,13133550.0,275228625.0,1.0811
2022-06-22,132930475.0,163559300.0,14453700.0,296489775.0,0.8127
2022-06-23,146238900.0,149749175.0,14133250.0,295988075.0,0.9766
2022-06-24,103413600.0,99448850.0,14346800.0,202862450.0,1.0399
2022-06-27,120090800.0,116385300.0,13719100.0,236476100.0,1.0318
2022-06-28,129674150.0,132824550.0,15057300.0,262498700.0,0.9763
2022-06-29,143453750.0,136617400.0,14922150.0,280071150.0,1.05
2022-06-30,160941650.0,153822850.0,17063450.0,314764500.0,1.0463
2022-07-01,97527450.0,85312525.0,13436200.0,182839975.0,1.1432
2022-07-04,113188375.0,99770975.0,13822900.0,212959350.0,1.1345
2022-07-05,115989125.0,125281125.0,14134800.0,241270250.0,0.9258
2022-07-06,153499025.0,120423625.0,14274550.0,273922650.0,1.2747
2022-07-07,163134575.0,128969025.0,13351650.0,292103600.0,1.2649
2022-07-08,103068825.0,86237375.0,12717400.0,189306200.0,1.1952
2022-07-11,118791975.0,98277875.0,13738450.0,217069850.0,1.2087
2022-07-12,110675725.0,130231725.0,13982000.0,240907450.0,0.8498
2022-07-13,115875125.0,147797825.0,13897900.0,263672950.0,0.784
2022-07-14,139822075.0,155107625.0,14548500.0,294929700.0,0.9015
2022-07-15,106737675.0,88483375.0,14375650.0,195221050.0,1.2063
2022-07-18,129269675.0,94818825.0,13455300.0,224088500.0,1.3633
2022-07-19,139340975.0,103095975.0,14166950.0,242436950.0,1.3516
2022-07-20,148060275.0,105673775.0,12373450.0,253734050.0,1.4011
2022-07-21,168312775.0,113770475.0,13249900.0,282083250.0,1.4794
2022-07-22,117262500.0,82692575.0,12711850.0,199955075.0,1.4181
2022-07-25,124371725.0,105644725.0,12302050.0,230016450.0,1.1773
2022-07-26,118888375.0,120138775.0,11622450.0,239027150.0,0.9896
2022-07-27,147173350.0,118375075.0,11856000.0,265548425.0,1.2433
2022-07-28,169449250.0,123605375.0,13195500.0,293054625.0,1.3709
2022-07-29,112902975.0,83153700.0,11024900.0,196056675.0,1.3578
2022-08-01,143879975.0,96865950.0,12240000.0,240745925.0,1.4854
2022-08-02,144862675.0,105245250.0,12011200.0,250107925.0,1.3764
2022-08-03,152367725.0,119333600.0,11539400.0,271701325.0,1.2768
2022-08-04,145284100.0,140671700.0,11874000.0,285955800.0,1.0328
2022-08-05,106338025.0,100999550.0,12111250.0,207337575.0,1.0529
2022-08-08,141904225.0,108985350.0,13052900.0,250889575.0,1.302
2022-08-10,145629025.0,118370100.0,13012650.0,263999125.0,1.2303
2022-08-11,163708075.0,132250050.0,13171750.0,295958125.0,1.2379
2022-08-12,115989925.0,93227300.0,13282100.0,209217225.0,1.2442
2022-08-16,134841375.0,107410750.0,13859200.0,242252125.0,1.2554
2022-08-17,157327775.0,112290350.0,14508400.0,269618125.0,1.4011
2022-08-18,163311775.0,132420250.0,14881850.0,295732025.0,1.2333
2022-08-19,113297325.0,128622000.0,14802250.0,241919325.0,0.8809
2022-08-22,116630725.0,147389150.0,13896050.0,264019875.0,0.7913
2022-08-23,138570725.0,141289150.0,14233800.0,279859875.0,0.9808
2022-08-24,148177075.0,148274900.0,13784650.0,296451975.0,0.9993
2022-08-25,148995700.0,161380400.0,13846900.0,310376100.0,0.9233
2022-08-26,105188700.0,109832100.0,11500250.0,215020800.0,0.9577
2022-08-29,126866650.0,129612150.0,12030450.0,256478800.0,0.9788
2022-08-30,160045750.0,116515050.0,12775050.0,276560800.0,1.3736
2022-09-01,150289550.0,145471300.0,13859300.0,295760850.0,1.0331
2022-09-02,109734800.0,105983100.0,14003950.0,215717900.0,1.0354
2022-09-05,134053900.0,111237000.0,14188600.0,245290900.0,1.2051
2022-09-06,132316825.0,125845750.0,14192850.0,258162575.0,1.0514
2022-09-07,147661975.0,137535250.0,14186650.0,285197225.0,1.0736
2022-09-08,164050375.0,129973150.0,14247750.0,294023525.0,1.2622
2022-09-09,118861625.0,107670250.0,14110450.0,226531875.0,1.1039
2022-09-12,131191225.0,111317300.0,14462500.0,242508525.0,1.1785
2022-09-13,145369675.0,104322300.0,14272550.0,249691975.0,1.3935
2022-09-14,141873025.0,118062200.0,14135200.0,259935225.0,1.2017
2022-09-15,137465475.0,145338400.0,14157050.0,282803875.0,0.9458
2022-09-16,112385300.0,148705400.0,13485750.0,261090700.0,0.7558
2022-09-19,125980850.0,134532400.0,12944900.0,260513250.0,0.9364
2022-09-20,136559900.0,118462300.0,12533850.0,255022200.0,1.1528
2022-09-21,131802175.0,139036250.0,12490650.0,270838425.0,0.948
2022-09-22,140767200.0,153251950.0,13714850.0,294019150.0,0.9185
2022-09-23,104438850.0,138113200.0,14075700.0,242552050.0,0.7562
2022-09-26,109881600.0,157717150.0,13832900.0,267598750.0,0.6967
2022-09-27,112896475.0,161564650.0,13513700.0,274461125.0,0.6988
2022-09-28,120094550.0,165132150.0,14035750.0,285226700.0,0.7273
2022-09-29,129721500.0,173762050.0,15584650.0,303483550.0,0.7465
2022-09-30,110032950.0,90169900.0,13001850.0,200202850.0,1.2203
2022-10-03,109718050.0,130598050.0,13802500.0,240316100.0,0.8401
2022-10-04,133961900.0,107886250.0,12907850.0,241848150.0,1.2417
2022-10-06,153952500.0,145612350.0,13558300.0,299564850.0,1.0573
2022-10-07,106556600.0,109822700.0,13535600.0,216379300.0,0.9703
2022-10-10,125772100.0,119325600.0,14661050.0,245097700.0,1.054
2022-10-11,121546200.0,169670150.0,15036800.0,291216350.0,0.7164
2022-10-12,141276150.0,148642700.0,15049850.0,289918850.0,0.9504
2022-10-13,146808850.0,164559700.0,15626400.0,311368550.0,0.8921
2022-10-14,104402600.0,114458200.0,14501150.0,218860800.0,0.9121
2022-10-17,136266100.0,122614100.0,14885200.0,258880200.0,1.1113
2022-10-18,146486350.0,122639125.0,13719750.0,269125475.0,1.1945
2022-10-19,149766650.0,133035125.0,13775550.0,282801775.0,1.1258
2022-10-20,169207775.0,139222125.0,15158700.0,308429900.0,1.2154
2022-10-21,115233325.0,111624225.0,15389550.0,226857550.0,1.0323
2022-10-24,127681725.0,110044425.0,15079400.0,237726150.0,1.1603
2022-10-25,123373125.0,128495525.0,14703800.0,251868650.0,0.9601
2022-10-27,146963225.0,151304475.0,15496650.0,298267700.0,0.9713
2022-10-28,104215525.0,93395875.0,12300900.0,197611400.0,1.1158
2022-10-31,127941975.0,96796125.0,12914750.0,224738100.0,1.3218
2022-11-01,149212525.0,114224275.0,13495550.0,263436800.0,1.3063
2022-11-02,144320975.0,127934625.0,12678300.0,272255600.0,1.1281
2022-11-03,165182675.0,138843925.0,13106500.0,304026600.0,1.1897
2022-11-04,124248125.0,110618375.0,13429100.0,234866500.0,1.1232
2022-11-07,133705025.0,128015975.0,13238700.0,261721000.0,1.0444
2022-11-09,137337325.0,159243775.0,13931900.0,296581100.0,0.8624
2022-11-10,153779325.0,179114425.0,14122300.0,332893750.0,0.8586
2022-11-11,132340075.0,108623825.0,14364500.0,240963900.0,1.2183
2022-11-14,130702025.0,126819725.0,14119500.0,257521750.0,1.0306
2022-11-15,154699225.0,122841225.0,14351150.0,277540450.0,1.2593
2022-11-16,151499875.0,132811675.0,14039950.0,284311550.0,1.1407
2022-11-17,151649075.0,154039675.0,14136750.0,305688750.0,0.9845
2022-11-18,113521475.0,127355725.0,13706150.0,240877200.0,0.8914
2022-11-21,121349225.0,153452425.0,13567450.0,274801650.0,0.7908
2022-11-22,140598375.0,142463875.0,13496450.0,283062250.0,0.9869
2022-11-23,144884175.0,157402850.0,14162500.0,302287025.0,0.9205
2022-11-24,185571275.0,141644675.0,14886500.0,327215950.0,1.3101
2022-11-25,120550225.0,102469525.0,12486900.0,223019750.0,1.1764
2022-11-28,143087650.0,111666225.0,13216500.0,254753875.0,1.2814
2022-11-29,152254525.0,119181525.0,13440600.0,271436050.0,1.2775
2022-11-30,182502425.0,117547425.0,14009500.0,300049850.0,1.5526
2022-12-01,180881050.0,156608175.0,14087100.0,337489225.0,1.155
2022-12-02,115758900.0,123490575.0,13152400.0,239249475.0,0.9374
2022-12-05,122710750.0,135688625.0,13058050.0,258399375.0,0.9044
2022-12-06,134053700.0,147162975.0,12769300.0,281216675.0,0.9109
2022-12-07,135854950.0,177927875.0,12858600.0,313782825.0,0.7635
2022-12-08,155119500.0,181512125.0,12668900.0,336631625.0,0.8546
2022-12-09,116981875.0,154014775.0,12901300.0,270996650.0,0.7595
2022-12-12,136314275.0,150279625.0,12535300.0,286593900.0,0.9071
2022-12-13,150529175.0,142956425.0,12404850.0,293485600.0,1.053
2022-12-14,157038975.0,153330125.0,12413000.0,310369100.0,1.0242
2022-12-15,144832575.0,190437525.0,12934000.0,335270100.0,0.7605
2022-12-16,116439775.0,144362175.0,12557250.0,260801950.0,0.8066
2022-12-19,145320625.0,144079625.0,12301600.0,289400250.0,1.0086
2022-12-20,152779275.0,151107225.0,12579450.0,303886500.0,1.0111
2022-12-21,136219725.0,194302725.0,12865100.0,330522450.0,0.7011
2022-12-22,149919375.0,207179175.0,12973050.0,357098550.0,0.7236
2022-12-23,109008075.0,151512600.0,13707150.0,260520675.0,0.7195
2022-12-26,132641850.0,138647300.0,12779950.0,271289150.0,0.9567
2022-12-27,151590400.0,136845900.0,12655450.0,288436300.0,1.1077
2022-12-28,167061700.0,148777875.0,12913850.0,315839575.0,1.1229
2022-12-29,167282500.0,144595925.0,14492900.0,311878425.0,1.1569
2022-12-30,101430575.0,114901450.0,11657250.0,216332025.0,0.8828
2023-01-02,123238775.0,121292850.0,11751000.0,244531625.0,1.016
2023-01-03,142374475.0,134179850.0,12111650.0,276554325.0,1.0611
2023-01-04,133234575.0,185210150.0,12549900.0,318444725.0,0.7194
2023-01-05,139922275.0,185675750.0,12590100.0,325598025.0,0.7536
2023-01-06,112076775.0,148685850.0,12961700.0,260762625.0,0.7538
2023-01-09,128210275.0,131875850.0,12846200.0,260086125.0,0.9722
2023-01-10,127383025.0,178705850.0,13272250.0,306088875.0,0.7128
2023-01-11,138434075.0,183840600.0,13168550.0,322274675.0,0.753
2023-01-12,144007525.0,186692300.0,13408000.0,330699825.0,0.7714
2023-01-13,119010275.0,115646400.0,13671650.0,234656675.0,1.0291
2023-01-16,123065375.0,153118250.0,13679300.0,276183625.0,0.8037
2023-01-17,150140225.0,129742250.0,13541850.0,279882475.0,1.1572
2023-01-18,184832475.0,137060700.0,13798150.0,321893175.0,1.3485
2023-01-19,164018800.0,141836100.0,13198200.0,305854900.0,1.1564
2023-01-20,114852675.0,137806650.0,13716250.0,252659325.0,0.8334
2023-01-23,131753175.0,140204150.0,13733300.0,271957325.0,0.9397
2023-01-24,130821175.0,162037500.0,13728350.0,292858675.0,0.8074
2023-01-25,125031200.0,185898450.0,13152000.0,310929650.0,0.6726
2023-01-27,91439800.0,123136800.0,11731500.0,214576600.0,0.7426
2023-01-30,100380250.0,131060400.0,11329450.0,231440650.0,0.7659
2023-01-31,112226950.0,140735250.0,11501700.0,252962200.0,0.7974
2023-02-01,112925600.0,161954950.0,11616100.0,274880550.0,0.6973
2023-02-02,146005850.0,169213850.0,11896300.0,315219700.0,0.8628
2023-02-03,115823700.0,99389800.0,11199900.0,215213500.0,1.1653
2023-02-06,122662800.0,128092000.0,11589050.0,250754800.0,0.9576
2023-02-07,127333600.0,156785500.0,11857000.0,284119100.0,0.8122
2023-02-08,169229375.0,140250000.0,11508800.0,309479375.0,1.2066
2023-02-09,164084475.0,152249350.0,11359900.0,316333825.0,1.0777
2023-02-10,112582325.0,107261250.0,11759400.0,219843575.0,1.0496
2023-02-13,118691825.0,143328350.0,12222950.0,262020175.0,0.8281
2023-02-14,147424425.0,127247250.0,11209950.0,274671675.0,1.1586
2023-02-15,182614375.0,131622850.0,11371100.0,314237225.0,1.3874
2023-02-16,161056325.0,156785250.0,11279700.0,317841575.0,1.0272
2023-02-17,116621675.0,133176200.0,11461150.0,249797875.0,0.8757
2023-02-20,122795275.0,164965350.0,11714500.0,287760625.0,0.7444
2023-02-21,131419625.0,157510400.0,11985650.0,288930025.0,0.8344
2023-02-22,140214425.0,203956400.0,13284300.0,344170825.0,0.6875
2023-02-23,153486900.0,194811400.0,15446850.0,348298300.0,0.7879
2023-02-24,107652325.0,137107750.0,12040000.0,244760075.0,0.7852
2023-02-27,118807675.0,164079050.0,12840800.0,282886725.0,0.7241
2023-02-28,130451025.0,194519900.0,13541350.0,324970925.0,0.6706
2023-03-01,156035125.0,169861700.0,13309950.0,325896825.0,0.9186
2023-03-02,147306700.0,193067950.0,13655050.0,340374650.0,0.763
2023-03-03,136057525.0,116302350.0,12900000.0,252359875.0,1.1699
2023-03-06,142723500.0,127209750.0,12026700.0,269933250.0,1.122
2023-03-08,185805250.0,147911650.0,12533200.0,333716900.0,1.2562
2023-03-09,160508975.0,188945850.0,13429300.0,349454825.0,0.8495
2023-03-10,124872575.0,139737000.0,14052300.0,264609575.0,0.8936
2023-03-13,127975500.0,179389150.0,14195700.0,307364650.0,0.7134
2023-03-14,139792275.0,203054700.0,14961500.0,342846975.0,0.6884
2023-03-15,152209875.0,228100750.0,15106250.0,380310625.0,0.6673
2023-03-16,170330375.0,227177450.0,15381850.0,397507825.0,0.7498
2023-03-17,128406225.0,146679950.0,15321000.0,275086175.0,0.8754
2023-03-20,134938950.0,162861150.0,16283900.0,297800100.0,0.8286
2023-03-21,152802250.0,172815800.0,16574200.0,325618050.0,0.8842
2023-03-22,164356075.0,176997250.0,15963650.0,341353325.0,0.9286
2023-03-23,166904975.0,198822050.0,16426450.0,365727025.0,0.8395
2023-03-24,124443475.0,158925800.0,16845500.0,283369275.0,0.783
2023-03-27,145921875.0,171457150.0,16919500.0,317379025.0,0.8511
2023-03-28,154998475.0,193017300.0,16568600.0,348015775.0,0.803
2023-03-29,178136575.0,190445200.0,18385000.0,368581775.0,0.9354
2023-03-31,144355675.0,113854600.0,13174950.0,258210275.0,1.2679
2023-04-03,154690275.0,134849950.0,12146000.0,289540225.0,1.1471
2023-04-05,215468925.0,155347700.0,11898100.0,370816625.0,1.387
2023-04-06,195409475.0,163042750.0,11873350.0,358452225.0,1.1985
2023-04-10,133997575.0,123190650.0,11254000.0,257188225.0,1.0877
2023-04-11,165391250.0,138426600.0,10818050.0,303817850.0,1.1948
2023-04-12,186627900.0,146521450.0,10866500.0,333149350.0,1.2737
2023-04-13,183211150.0,154508900.0,11090650.0,337720050.0,1.1858
2023-04-17,139740550.0,149922400.0,10852500.0,289662950.0,0.9321
2023-04-18,145861800.0,177353550.0,10735250.0,323215350.0,0.8224
2023-04-19,161542225.0,193022550.0,10903450.0,354564775.0,0.8369
2023-04-20,171673725.0,196428050.0,11197250.0,368101775.0,0.874
2023-04-21,138348675.0,148685100.0,11249400.0,287033775.0,0.9305
2023-04-24,163903075.0,144913850.0,11905450.0,308816925.0,1.131
2023-04-25,174453825.0,149878400.0,11615950.0,324332225.0,1.164
2023-04-26,198654475.0,163449950.0,13020250.0,362104425.0,1.2154
2023-04-27,201089575.0,164594850.0,13979000.0,365684425.0,1.2217
2023-04-28,142648575.0,107512500.0,9641650.0,250161075.0,1.3268
2023-05-02,161544575.0,139683350.0,10525200.0,301227925.0,1.1565
2023-05-03,164821225.0,161393350.0,10555350.0,326214575.0,1.0212
2023-05-04,200028150.0,158755700.0,10725300.0,358783850.0,1.26
2023-05-05,130638600.0,153563950.0,11255850.0,284202550.0,0.8507
2023-05-08,157764800.0,143722900.0,11907600.0,301487700.0,1.0977
2023-05-09,165297850.0,164793350.0,12380350.0,330091200.0,1.0031
2023-05-10,179925600.0,162626800.0,12488050.0,342552400.0,1.1064
2023-05-11,181223500.0,184641300.0,13129850.0,365864800.0,0.9815
2023-05-12,144007175.0,116457000.0,12922450.0,260464175.0,1.2366
2023-05-15,173170125.0,128579500.0,13216250.0,301749625.0,1.3468
2023-05-16,166403175.0,185452050.0,13291300.0,351855225.0,0.8973
2023-05-17,168861225.0,203633500.0,12575250.0,372494725.0,0.8292
2023-05-18,171974975.0,220025500.0,12701000.0,392000475.0,0.7816
2023-05-19,133044175.0,131881800.0,12558300.0,264925975.0,1.0088
2023-05-22,168825225.0,139835100.0,12877800.0,308660325.0,1.2073
2023-05-23,180563525.0,150420300.0,13389550.0,330983825.0,1.2004
2023-05-24,176070525.0,175176500.0,13497100.0,351247025.0,1.0051
2023-05-25,189497475.0,180897850.0,13072450.0,370395325.0,1.0475
2023-05-26,165501475.0,121062300.0,10235900.0,286563775.0,1.3671
2023-05-29,177150125.0,132914100.0,10321850.0,310064225.0,1.3328
2023-05-30,189799325.0,143634950.0,10748800.0,333434275.0,1.3214
2023-05-31,177930925.0,179005750.0,10190200.0,356936675.0,0.994
2023-06-01,174757575.0,201051100.0,9751900.0,375808675.0,0.8692
2023-06-02,134042825.0,140580850.0,10022300.0,274623675.0,0.9535
2023-06-05,153326025.0,153749650.0,10099050.0,307075675.0,0.9972
2023-06-06,161138400.0,159557300.0,9789550.0,320695700.0,1.0099
2023-06-07,224355200.0,163157250.0,10605400.0,387512450.0,1.3751
2023-06-08,186882700.0,202049200.0,11002850.0,388931900.0,0.9249
2023-06-09,134825575.0,161359150.0,10900200.0,296184725.0,0.8356
2023-06-12,154529875.0,168132050.0,10354400.0,322661925.0,0.9191
2023-06-13,181835375.0,160823500.0,10276850.0,342658875.0,1.1307
2023-06-14,206795025.0,168179100.0,10893900.0,374974125.0,1.2296
2023-06-15,188962275.0,194746650.0,11245550.0,383708925.0,0.9703
2023-06-16,163603175.0,126575250.0,11734750.0,290178425.0,1.2925
2023-06-19,155928025.0,158429400.0,11610500.0,314357425.0,0.9842
2023-06-20,176354125.0,152377450.0,11431550.0,328731575.0,1.1574
2023-06-21,201552850.0,170394900.0,11147050.0,371947750.0,1.1829
2023-06-22,196965250.0,197773300.0,11984700.0,394738550.0,0.9959
2023-06-23,143623050.0,154625450.0,11123350.0,298248500.0,0.9288
2023-06-26,154824100.0,165617750.0,11303050.0,320441850.0,0.9348
2023-06-27,184297500.0,152503900.0,12317250.0,336801400.0,1.2085
2023-06-28,225989400.0,159984050.0,13084350.0,385973450.0,1.4126
2023-06-30,178336675.0,113202025.0,11017300.0,291538700.0,1.5754
2023-07-03,194587425.0,131129075.0,11423600.0,325716500.0,1.4839
2023-07-04,203424825.0,138558225.0,11541500.0,341983050.0,1.4682
2023-07-05,219295875.0,159827775.0,11760000.0,379123650.0,1.3721
2023-07-06,230994425.0,169796125.0,12458450.0,400790550.0,1.3604
2023-07-07,150872875.0,169432825.0,11941050.0,320305700.0,0.8905
2023-07-10,153343175.0,155807475.0,11779250.0,309150650.0,0.9842
2023-07-11,174374225.0,161651675.0,11687650.0,336025900.0,1.0787
2023-07-12,180159675.0,204196825.0,11727700.0,384356500.0,0.8823
2023-07-13,202825975.0,219814675.0,12114500.0,422640650.0,0.9227
2023-07-14,168753825.0,126225825.0,12399300.0,294979650.0,1.3369
2023-07-17,205032225.0,132928125.0,12810950.0,337960350.0,1.5424
2023-07-18,196461575.0,146690525.0,12692600.0,343152100.0,1.3393
2023-07-19,221497075.0,165756475.0,12979900.0,387253550.0,1.3363
2023-07-20,235104575.0,166849675.0,13951550.0,401954250.0,1.4091
2023-07-21,148234600.0,162305125.0,13397100.0,310539725.0,0.9133
2023-07-24,152714350.0,187155875.0,13563800.0,339870225.0,0.816
2023-07-25,157751450.0,193623925.0,14001900.0,351375375.0,0.8147
2023-07-26,172460200.0,197189775.0,14386700.0,369649975.0,0.8746
2023-07-27,179780600.0,246389225.0,15867300.0,426169825.0,0.7297
2023-07-28,124370200.0,150910075.0,12777750.0,275280275.0,0.8241
2023-07-31,147780750.0,147863475.0,12816600.0,295644225.0,0.9994
2023-08-01,157606250.0,171318425.0,12645050.0,328924675.0,0.92
2023-08-02,160159550.0,214856175.0,12191100.0,375015725.0,0.7454
2023-08-03,179300900.0,233680525.0,12606550.0,412981425.0,0.7673
2023-08-04,130523050.0,125074625.0,13055850.0,255597675.0,1.0436
2023-08-07,155007750.0,130330325.0,12952550.0,285338075.0,1.1893
2023-08-08,160641650.0,162897275.0,12928000.0,323538925.0,0.9862
2023-08-09,182424750.0,155034675.0,12904350.0,337459425.0,1.1767
2023-08-10,185940750.0,204027775.0,12848400.0,389968525.0,0.9114
2023-08-11,129816750.0,143396175.0,12893950.0,273212925.0,0.9053
2023-08-14,154280300.0,155753075.0,12751400.0,310033375.0,0.9905
2023-08-16,193320750.0,174184175.0,13003750.0,367504925.0,1.1099
2023-08-17,192909400.0,220965675.0,13454700.0,413875075.0,0.873
2023-08-18,150051850.0,153366825.0,13087050.0,303418675.0,0.9784
2023-08-21,175769700.0,163029475.0,12999550.0,338799175.0,1.0781
2023-08-22,175832800.0,190700825.0,13003300.0,366533625.0,0.922
2023-08-23,199655450.0,190192825.0,12901950.0,389848275.0,1.0498
2023-08-24,186959700.0,238396625.0,12744450.0,425356325.0,0.7842
2023-08-25,135940000.0,164639375.0,13427550.0,300579375.0,0.8257
2023-08-28,163833100.0,165387625.0,13662350.0,329220725.0,0.9906
2023-08-29,176650700.0,181338225.0,13681800.0,357988925.0,0.9742
2023-08-30,182005400.0,200543325.0,13311550.0,382548725.0,0.9076
2023-08-31,194845075.0,216105275.0,13602900.0,410950350.0,0.9016
2023-09-01,149363575.0,114512525.0,10222400.0,263876100.0,1.3043
2023-09-04,175192525.0,127841475.0,10239000.0,303034000.0,1.3704
2023-09-05,193246325.0,136988275.0,10264050.0,330234600.0,1.4107
2023-09-06,218830125.0,165928675.0,10366450.0,384758800.0,1.3188
2023-09-07,299453425.0,192328175.0,11062800.0,491781600.0,1.557
2023-09-08,155291025.0,112888575.0,11082650.0,268179600.0,1.3756
2023-09-11,188430775.0,127846075.0,11157650.0,316276850.0,1.4739
2023-09-12,198442825.0,168095675.0,11287050.0,366538500.0,1.1805
2023-09-13,234882850.0,187360025.0,11466900.0,422242875.0,1.2536
2023-09-14,277039050.0,267304575.0,12269450.0,544343625.0,1.0364
2023-09-15,155661275.0,118480125.0,12517050.0,274141400.0,1.3138
2023-09-18,164089675.0,148933475.0,12320500.0,313023150.0,1.1018
2023-09-20,172646175.0,216650225.0,11385400.0,389296400.0,0.7969
2023-09-21,239246475.0,290197125.0,11409150.0,529443600.0,0.8244
2023-09-22,132401175.0,142372175.0,11454850.0,274773350.0,0.93
2023-09-25,144320725.0,158227525.0,11836300.0,302548250.0,0.9121
2023-09-26,164243425.0,178762825.0,12071450.0,343006250.0,0.9188
2023-09-27,202999600.0,190226325.0,12181450.0,393225925.0,1.0671
2023-09-28,203335400.0,240970475.0,13755100.0,444305875.0,0.8438
2023-09-29,132995075.0,129242825.0,10198350.0,262237900.0,1.029
2023-10-03,153115975.0,167613375.0,10984850.0,320729350.0,0.9135
2023-10-04,193597375.0,200884625.0,11408850.0,394482000.0,0.9637
2023-10-05,250492175.0,261692125.0,12128950.0,512184300.0,0.9572
2023-10-06,148030975.0,131816875.0,11707350.0,279847850.0,1.123
2023-10-09,144366250.0,138171975.0,11653700.0,282538225.0,1.0448
2023-10-10,185808650.0,141676925.0,11655400.0,327485575.0,1.3115
2023-10-11,219759500.0,179669625.0,11197400.0,399429125.0,1.2231
2023-10-12,277468450.0,263101225.0,11212900.0,540569675.0,1.0546
2023-10-13,149355250.0,130981875.0,10987000.0,280337125.0,1.1403
2023-10-16,161240300.0,155083725.0,11007600.0,316324025.0,1.0397
2023-10-17,172448400.0,159307775.0,11251350.0,331756175.0,1.0825
2023-10-18,181007000.0,222085425.0,11214600.0,403092425.0,0.815
2023-10-19,252216350.0,271349375.0,11206650.0,523565725.0,0.9295
2023-10-20,133994050.0,149014375.0,11503400.0,283008425.0,0.8992
2023-10-23,141156100.0,202573175.0,11769700.0,343729275.0,0.6968
2023-10-25,172978850.0,256862475.0,12206250.0,429841325.0,0.6734
2023-10-26,193363600.0,270011775.0,13934300.0,463375375.0,0.7161
2023-10-27,132033550.0,137358125.0,11543100.0,269391675.0,0.9612
2023-10-30,162725950.0,148567675.0,11793700.0,311293625.0,1.0953
2023-10-31,162746250.0,178251325.0,11982750.0,340997575.0,0.913
2023-11-01,184900150.0,225560975.0,12465250.0,410461125.0,0.8197
2023-11-02,253474800.0,284210975.0,12777250.0,537685775.0,0.8919
2023-11-03,129541550.0,134408875.0,12412250.0,263950425.0,0.9638
2023-11-06,160065950.0,140015425.0,12272100.0,300081375.0,1.1432
2023-11-07,167648000.0,156237225.0,12236700.0,323885225.0,1.073
2023-11-08,199897100.0,204631975.0,12231750.0,404529075.0,0.9769
2023-11-09,262736650.0,290762175.0,12624000.0,553498825.0,0.9036
2023-11-10,137480650.0,131804825.0,12355900.0,269285475.0,1.0431
2023-11-13,155514800.0,156169425.0,12614550.0,311684225.0,0.9958
2023-11-15,213873850.0,179708125.0,12884100.0,393581975.0,1.1901
2023-11-16,278524400.0,239684625.0,12697200.0,518209025.0,1.162
2023-11-17,151556650.0,148403875.0,12496900.0,299960525.0,1.0212
2023-11-20,155316250.0,171139725.0,11974300.0,326455975.0,0.9075
2023-11-21,172691450.0,169580625.0,12104650.0,342272075.0,1.0183
2023-11-22,214301750.0,199874575.0,12638700.0,414176325.0,1.0722
2023-11-23,261271200.0,304476625.0,13282800.0,565747825.0,0.8581
2023-11-24,137868900.0,139421075.0,12837500.0,277289975.0,0.9889
2023-11-28,182709350.0,150228475.0,13231600.0,332937825.0,1.2162
2023-11-29,239517150.0,162512625.0,13977050.0,402029775.0,1.4738
2023-11-30,229092600.0,189032125.0,14666550.0,418124725.0,1.2119
2023-12-01,145434300.0,111711175.0,10869750.0,257145475.0,1.3019
2023-12-04,178362500.0,128015075.0,11851800.0,306377575.0,1.3933
2023-12-05,209010750.0,152246275.0,12297600.0,361257025.0,1.3728
2023-12-06,235597900.0,199099375.0,12761000.0,434697275.0,1.1833
2023-12-07,309240800.0,269226825.0,13608550.0,578467625.0,1.1486
2023-12-08,150135950.0,125391625.0,13297950.0,275527575.0,1.1973
2023-12-11,164719500.0,144598325.0,13343850.0,309317825.0,1.1392
2023-12-12,164345650.0,175374175.0,13120600.0,339719825.0,0.9371
2023-12-13,198631550.0,207816925.0,12744050.0,406448475.0,0.9558
2023-12-14,276009100.0,237760075.0,15049100.0,513769175.0,1.1609
2023-12-15,181882350.0,123949875.0,15547000.0,305832225.0,1.4674
2023-12-18,181002400.0,161793325.0,14597100.0,342795725.0,1.1187
2023-12-19,198835900.0,176115725.0,16007800.0,374951625.0,1.129
2023-12-20,183129150.0,276046825.0,15482200.0,459175975.0,0.6634
2023-12-21,280057900.0,270012875.0,14888900.0,550070775.0,1.0372
2023-12-22,159856250.0,136003125.0,14958400.0,295859375.0,1.1754
2023-12-26,205350250.0,167197975.0,15588800.0,372548225.0,1.2282
2023-12-27,250173875.0,175530225.0,17635600.0,425704100.0,1.4252
2023-12-28,258078525.0,204145875.0,17388200.0,462224400.0,1.2642
2023-12-29,133105575.0,119348475.0,13814350.0,252454050.0,1.1153
2024-01-01,160731175.0,141497825.0,13744100.0,302229000.0,1.1359
2024-01-02,161531425.0,174991175.0,13020950.0,336522600.0,0.9231
2024-01-03,180611325.0,236011625.0,13080650.0,416622950.0,0.7653
2024-01-04,264716175.0,265231475.0,12912100.0,529947650.0,0.9981
2024-01-05,133596525.0,123407925.0,13200750.0,257004450.0,1.0826
2024-01-08,133495825.0,158449675.0,13150400.0,291945500.0,0.8425
2024-01-09,143930425.0,163555425.0,13142050.0,307485850.0,0.88
2024-01-10,197661125.0,186240175.0,12940000.0,383901300.0,1.0613
2024-01-11,246805525.0,288486575.0,13256250.0,535292100.0,0.8555
2024-01-12,179302675.0,125055975.0,13805900.0,304358650.0,1.4338
2024-01-15,205752075.0,135535125.0,14537250.0,341287200.0,1.5181
2024-01-16,199299875.0,163959425.0,14576250.0,363259300.0,1.2155
2024-01-17,172405975.0,246508875.0,13664550.0,418914850.0,0.6994
2024-01-18,266732375.0,280598925.0,14969550.0,547331300.0,0.9506
2024-01-19,130553275.0,136215075.0,15119750.0,266768350.0,0.9584
2024-01-23,145884675.0,197589075.0,14660250.0,343473750.0,0.7383
2024-01-24,180641975.0,196908825.0,15040700.0,377550800.0,0.9174
2024-01-25,181043925.0,224822275.0,15837550.0,405866200.0,0.8053
2024-01-29,127928875.0,106135525.0,13279800.0,234064400.0,1.2053
2024-01-30,121640725.0,148478925.0,12148150.0,270119650.0,0.8192
2024-01-31,151920875.0,168647225.0,12165100.0,320568100.0,0.9008
2024-02-01,239217175.0,294912375.0,12387350.0,534129550.0,0.8111
2024-02-02,126704625.0,123920425.0,13023400.0,250625050.0,1.0225
2024-02-05,137727525.0,154262575.0,13103400.0,291990100.0,0.8928
2024-02-06,169520575.0,152111525.0,13469800.0,321632100.0,1.1144
2024-02-07,184581125.0,185237375.0,13559350.0,369818500.0,0.9965
2024-02-08,220728925.0,272449825.0,13568800.0,493178750.0,0.8102
2024-02-09,126057325.0,126147375.0,13041000.0,252204700.0,0.9993
2024-02-12,138870425.0,162537375.0,13184450.0,301407800.0,0.8544
2024-02-13,150750825.0,152672375.0,13374400.0,303423200.0,0.9874
2024-02-14,200582075.0,162243875.0,13264400.0,362825950.0,1.2363
2024-02-15,254190775.0,242776225.0,13084100.0,496967000.0,1.047
2024-02-16,144117425.0,117801275.0,13415900.0,261918700.0,1.2234
2024-02-19,164092275.0,131183025.0,13720900.0,295275300.0,1.2509
2024-02-20,178162975.0,143344375.0,13433350.0,321507350.0,1.2429
2024-02-21,184790275.0,218183925.0,13573300.0,402974200.0,0.8469
2024-02-22,242412425.0,240385625.0,14417050.0,482798050.0,1.0084
2024-02-23,132312175.0,129928925.0,14271800.0,262241100.0,1.0183
2024-02-26,147270925.0,152320225.0,14839800.0,299591150.0,0.9669
2024-02-27,166363875.0,165954675.0,15224650.0,332318550.0,1.0025
2024-02-28,162096725.0,244891625.0,15968700.0,406988350.0,0.6619
2024-02-29,187203775.0,235935575.0,17739750.0,423139350.0,0.7935
2024-03-01,152623275.0,117939175.0,14239650.0,270562450.0,1.2941
2024-03-04,176816325.0,136307325.0,14328800.0,313123650.0,1.2972
2024-03-05,170648575.0,139111975.0,14942600.0,309760550.0,1.2267
2024-03-06,213165425.0,160926825.0,16095650.0,374092250.0,1.3246
2024-03-07,257506225.0,239638575.0,15469350.0,497144800.0,1.0746
2024-03-11,128174725.0,136634225.0,15134550.0,264808950.0,0.9381
2024-03-12,141481725.0,148254075.0,15632250.0,289735800.0,0.9543
2024-03-13,173515475.0,265746025.0,15483150.0,439261500.0,0.6529
2024-03-14,246540275.0,258473675.0,16180450.0,505013950.0,0.9538
2024-03-15,127258775.0,128769625.0,16122500.0,256028400.0,0.9883
2024-03-18,139470825.0,147013825.0,16628900.0,286484650.0,0.9487
2024-03-19,145566925.0,198077075.0,16253850.0,343644000.0,0.7349
2024-03-20,161047700.0,202627125.0,16318250.0,363674825.0,0.7948
2024-03-21,246277150.0,254820375.0,16366100.0,501097525.0,0.9665
2024-03-22,161877700.0,131573275.0,15594100.0,293450975.0,1.2303
2024-03-26,178816650.0,162747525.0,15285700.0,341564175.0,1.0987
2024-03-27,217583100.0,187974025.0,15911750.0,405557125.0,1.1575
2024-03-28,272991100.0,254274825.0,17525750.0,527265925.0,1.0736
2024-04-01,139668450.0,130344225.0,10807850.0,270012675.0,1.0715
2024-04-02,155947300.0,156254325.0,10961000.0,312201625.0,0.998
2024-04-03,183896800.0,193472925.0,11086700.0,377369725.0,0.9505
2024-04-04,253153200.0,250493375.0,10917000.0,503646575.0,1.0106
2024-04-05,137831100.0,134156525.0,10822900.0,271987625.0,1.0274
2024-04-08,187864100.0,145668325.0,11928000.0,333532425.0,1.2897
2024-04-09,199478200.0,182437875.0,12984950.0,381916075.0,1.0934
2024-04-10,232329800.0,185157625.0,13122400.0,417487425.0,1.2548
2024-04-12,136717300.0,158047725.0,12876950.0,294765025.0,0.865
2024-04-15,146059250.0,180669275.0,14139400.0,326728525.0,0.8084
2024-04-16,160208600.0,209439475.0,13856550.0,369648075.0,0.7649
2024-04-18,253590650.0,290195875.0,15801450.0,543786525.0,0.8739
2024-04-19,136601100.0,132492225.0,15487050.0,269093325.0,1.031
2024-04-22,171257750.0,150674775.0,15645850.0,321932525.0,1.1366
2024-04-23,185711000.0,174857975.0,16540550.0,360568975.0,1.0621
2024-04-24,204748550.0,197666575.0,17021800.0,402415125.0,1.0358
2024-04-25,319835150.0,301797375.0,19065950.0,621632525.0,1.0598
2024-04-26,126774475.0,132300475.0,11435650.0,259074950.0,0.9582
2024-04-29,163205100.0,132320525.0,11818900.0,295525625.0,1.2334
2024-04-30,175668625.0,158267575.0,11932125.0,333936200.0,1.1099
2024-05-02,272257250.0,238483075.0,12230675.0,510740325.0,1.1416
2024-05-03,131844125.0,148098625.0,11720500.0,279942750.0,0.8902
2024-05-06,144856300.0,169859125.0,12381650.0,314715425.0,0.8528
2024-05-07,150187275.0,193580175.0,12203775.0,343767450.0,0.7758
2024-05-08,167065025.0,216783750.0,12695675.0,383848775.0,0.7707
2024-05-09,217904750.0,308664925.0,15116550.0,526569675.0,0.706
2024-05-10,126702075.0,138586775.0,14942975.0,265288850.0,0.9142
2024-05-13,143920225.0,149091475.0,15414775.0,293011700.0,0.9653
2024-05-14,161064675.0,157334325.0,15165025.0,318399000.0,1.0237
2024-05-15,172796000.0,188325400.0,15013825.0,361121400.0,0.9175
2024-05-16,265773100.0,226657525.0,15253700.0,492430625.0,1.1726
2024-05-17,144718100.0,117259400.0,15379750.0,261977500.0,1.2342
2024-05-21,168425025.0,145968025.0,15587850.0,314393050.0,1.1538
2024-05-22,189997200.0,158871225.0,15758525.0,348868425.0,1.1959
2024-05-23,295019650.0,242117100.0,16711625.0,537136750.0,1.2185
2024-05-24,153255300.0,134902725.0,17386875.0,288158025.0,1.136
2024-05-27,159141225.0,156226575.0,16972125.0,315367800.0,1.0187
2024-05-28,164498225.0,174442100.0,17096025.0,338940325.0,0.943
2024-05-29,174298075.0,221172075.0,16829600.0,395470150.0,0.7881
2024-05-30,213828150.0,320272550.0,20120450.0,534100700.0,0.6676
2024-05-31,110462600.0,110593700.0,15638825.0,221056300.0,0.9988
2024-06-03,139168550.0,133495475.0,15187400.0,272664025.0,1.0425
2024-06-04,134983500.0,185934950.0,15708850.0,320918450.0,0.726
2024-06-05,167435850.0,222513950.0,14054250.0,389949800.0,0.7525
2024-06-06,230750400.0,285419900.0,14673200.0,516170300.0,0.8085
2024-06-07,144497575.0,125208875.0,14553750.0,269706450.0,1.1541
2024-06-10,155035000.0,159806125.0,13789950.0,314841125.0,0.9701
2024-06-11,177444150.0,174107575.0,13924950.0,351551725.0,1.0192
2024-06-12,197674425.0,193026900.0,14565150.0,390701325.0,1.0241
2024-06-13,260090125.0,257391325.0,14439700.0,517481450.0,1.0105
2024-06-14,159127075.0,122004525.0,14888300.0,281131600.0,1.3043
2024-06-18,179683650.0,143053125.0,15208050.0,322736775.0,1.2561
2024-06-19,188354225.0,170890275.0,15346250.0,359244500.0,1.1022
2024-06-20,259553425.0,227660150.0,15714725.0,487213575.0,1.1401
2024-06-21,144232275.0,138085500.0,15308100.0,282317775.0,1.0445
2024-06-24,174671950.0,153475475.0,15588025.0,328147425.0,1.1381
2024-06-25,209225375.0,151590125.0,16435400.0,360815500.0,1.3802
2024-06-26,238453225.0,181770925.0,17043875.0,420224150.0,1.3118
2024-06-27,310212600.0,247088500.0,19860325.0,557301100.0,1.2555
2024-06-28,139297600.0,119398725.0,15490575.0,258696325.0,1.1667
2024-07-01,163480450.0,135653175.0,15997525.0,299133625.0,1.2051
2024-07-02,170085450.0,147819575.0,16054275.0,317905025.0,1.1506
2024-07-03,201661575.0,162840175.0,15969625.0,364501750.0,1.2384
2024-07-04,255503900.0,247890250.0,16068600.0,503394150.0,1.0307
2024-07-05,149056725.0,124718625.0,15734200.0,273775350.0,1.1951
2024-07-08,156725075.0,132345900.0,15785175.0,289070975.0,1.1842
2024-07-09,177464575.0,138396025.0,16027175.0,315860600.0,1.2823
2024-07-10,180775875.0,187265150.0,15788100.0,368041025.0,0.9653
2024-07-11,238220725.0,250284775.0,15478325.0,488505500.0,0.9518
2024-07-12,151574225.0,118753250.0,16038325.0,270327475.0,1.2764
2024-07-15,175894400.0,132211350.0,16574300.0,308105750.0,1.3304
2024-07-16,194520575.0,155129950.0,16842525.0,349650525.0,1.2539
2024-07-18,280482050.0,220124075.0,18224325.0,500606125.0,1.2742
2024-07-19,127982725.0,115382400.0,17720375.0,243365125.0,1.1092
2024-07-22,137677175.0,135517425.0,17459775.0,273194600.0,1.0159
2024-07-23,154572875.0,177563100.0,16820750.0,332135975.0,0.8705
2024-07-24,182087800.0,209203375.0,18284525.0,391291175.0,0.8704
2024-07-25,270706600.0,268244450.0,19765800.0,538951050.0,1.0092
2024-07-26,156558075.0,115311575.0,15277025.0,271869650.0,1.3577
2024-07-29,161012975.0,141426575.0,15373675.0,302439550.0,1.1385
2024-07-30,179549375.0,145862125.0,15712650.0,325411500.0,1.231
2024-07-31,211395175.0,164746425.0,16578925.0,376141600.0,1.2832
2024-08-01,269193350.0,251813100.0,16926400.0,521006450.0,1.069
2024-08-02,138702175.0,152924600.0,16478375.0,291626775.0,0.907
2024-08-05,137870900.0,192493950.0,16133075.0,330364850.0,0.7162
2024-08-06,154879125.0,217382725.0,15004150.0,372261850.0,0.7125
2024-08-07,197367625.0,224052425.0,14271700.0,421420050.0,0.8809
2024-08-08,235954500.0,285857725.0,14089975.0,521812225.0,0.8254
2024-08-09,140118700.0,128492225.0,13319050.0,268610925.0,1.0905
2024-08-12,160177900.0,155366000.0,13380325.0,315543900.0,1.031
2024-08-13,166140350.0,212482575.0,13891000.0,378622925.0,0.7819
2024-08-14,199022575.0,233959975.0,13441950.0,432982550.0,0.8507
2024-08-16,162166625.0,123683375.0,13171300.0,285850000.0,1.3111
2024-08-19,168486200.0,143434275.0,12911175.0,311920475.0,1.1747
2024-08-20,181285500.0,143201600.0,12867650.0,324487100.0,1.2659
2024-08-21,205960000.0,166503175.0,13040750.0,372463175.0,1.237
2024-08-22,260012375.0,241712925.0,13185950.0,501725300.0,1.0757
2024-08-23,149676500.0,117712900.0,13702500.0,267389400.0,1.2715
2024-08-26,181922700.0,139026675.0,14176450.0,320949375.0,1.3085
2024-08-27,184099800.0,151329500.0,14490300.0,335429300.0,1.2165
2024-08-28,213672625.0,175870825.0,15253575.0,389543450.0,1.2149
2024-08-29,306012975.0,241430400.0,18272175.0,547443375.0,1.2675
2024-08-30,169079725.0,119992075.0,15028800.0,289071800.0,1.4091
2024-09-02,178562275.0,151901650.0,16120800.0,330463925.0,1.1755
2024-09-04,216683150.0,201045175.0,16474625.0,417728325.0,1.0778
2024-09-05,287074475.0,311393875.0,16158525.0,598468350.0,0.9219
2024-09-06,156048150.0,169727600.0,15696025.0,325775750.0,0.9194
2024-09-09,165878125.0,171983775.0,15128450.0,337861900.0,0.9645
2024-09-10,182134025.0,169866900.0,14694775.0,352000925.0,1.0722
2024-09-11,200902025.0,228532925.0,14781550.0,429434950.0,0.8791
2024-09-12,312407475.0,265901750.0,16449250.0,578309225.0,1.1749
2024-09-13,178785100.0,134126825.0,16308050.0,312911925.0,1.333
2024-09-16,187627750.0,148675500.0,15974900.0,336303250.0,1.262
2024-09-17,203023325.0,156276350.0,15835625.0,359299675.0,1.2991
2024-09-18,211183800.0,186785425.0,15482800.0,397969225.0,1.1306
2024-09-19,287824225.0,297589625.0,15694750.0,585413850.0,0.9672
2024-09-20,201057750.0,134320025.0,17965300.0,335377775.0,1.4969
2024-09-23,227982775.0,160768725.0,18307575.0,388751500.0,1.4181
2024-09-24,233228325.0,177368000.0,19090075.0,410596325.0,1.3149
2024-09-25,262507300.0,197731425.0,19020250.0,460238725.0,1.3276
2024-09-26,324796175.0,245161650.0,21824175.0,569957825.0,1.3248
2024-09-27,162968225.0,140246525.0,17579450.0,303214750.0,1.162
2024-09-30,164013825.0,195812475.0,16184775.0,359826300.0,0.8376
2024-10-01,189150975.0,228998850.0,15846550.0,418149825.0,0.826
2024-10-03,262322025.0,326902250.0,14832475.0,589224275.0,0.8024
2024-10-04,137773200.0,200982350.0,15443350.0,338755550.0,0.6855
2024-10-07,148223275.0,220473850.0,15625825.0,368697125.0,0.6723
2024-10-08,167911825.0,226115075.0,15904075.0,394026900.0,0.7426
2024-10-09,187341425.0,260981825.0,15822300.0,448323250.0,0.7178
2024-10-10,265423700.0,326748625.0,16088825.0,592172325.0,0.8123
2024-10-11,134329400.0,160835625.0,15881750.0,295165025.0,0.8352
2024-10-14,151430575.0,168167575.0,15523175.0,319598150.0,0.9005
2024-10-15,159771925.0,206248225.0,15714725.0,366020150.0,0.7747
2024-10-16,182200825.0,246478450.0,15857900.0,428679275.0,0.7392
2024-10-17,234999350.0,357532175.0,15803800.0,592531525.0,0.6573
2024-10-18,147458475.0,157972375.0,15610025.0,305430850.0,0.9334
2024-10-21,152397975.0,187423750.0,15335225.0,339821725.0,0.8131
2024-10-22,155402950.0,214032550.0,15681075.0,369435500.0,0.7261
2024-10-23,189265600.0,238115350.0,15687350.0,427380950.0,0.7948
2024-10-24,269375650.0,313369675.0,15859100.0,582745325.0,0.8596
2024-10-25,151953575.0,174495050.0,15325400.0,326448625.0,0.8708
2024-10-28,173429125.0,181210825.0,14582550.0,354639950.0,0.9571
2024-10-29,195517325.0,191868700.0,14795800.0,387386025.0,1.019
2024-10-30,212852200.0,235053800.0,14805850.0,447906000.0,0.9055
2024-10-31,253186600.0,298772950.0,15915975.0,551959550.0,0.8474
2024-11-01,123333900.0,115454650.0,11691325.0,238788550.0,1.0682
2024-11-04,141058525.0,166136800.0,12433275.0,307195325.0,0.8491
2024-11-05,158248675.0,167464300.0,12545500.0,325712975.0,0.945
2024-11-06,220597350.0,227943775.0,12613175.0,448541125.0,0.9678
2024-11-07,250940150.0,334221475.0,13140800.0,585161625.0,0.7508
2024-11-08,146887225.0,162232775.0,13026025.0,309120000.0,0.9054
2024-11-11,164849675.0,182002675.0,12997000.0,346852350.0,0.9058
2024-11-12,167823950.0,233064325.0,13462725.0,400888275.0,0.7201
2024-11-13,195992050.0,280183050.0,13961850.0,476175100.0,0.6995
2024-11-14,262755200.0,326493450.0,14377500.0,589248650.0,0.8048
2024-11-18,172451425.0,202173800.0,14417550.0,374625225.0,0.853
2024-11-19,182585575.0,220926475.0,13894575.0,403512050.0,0.8265
2024-11-21,264094000.0,306167900.0,14056600.0,570261900.0,0.8626
2024-11-22,178881925.0,150299775.0,12979675.0,329181700.0,1.1902
2024-11-25,208971525.0,187881700.0,13287725.0,396853225.0,1.1123
2024-11-26,217430925.0,210020625.0,13070175.0,427451550.0,1.0353
2024-11-27,247181950.0,220321925.0,14069675.0,467503875.0,1.1219
2024-11-28,259167925.0,311413925.0,16234275.0,570581850.0,0.8322
2024-11-29,185314675.0,170876800.0,12487625.0,356191475.0,1.0845
2024-12-02,257622800.0,210627025.0,12945775.0,468249825.0,1.2231
2024-12-03,286668975.0,222449350.0,12835400.0,509118325.0,1.2887
2024-12-04,289482725.0,253014500.0,12834575.0,542497225.0,1.1441
2024-12-05,309930575.0,267259325.0,12499700.0,577189900.0,1.1597
2024-12-06,209065475.0,203608075.0,12799225.0,412673550.0,1.0268
2024-12-09,237666375.0,264940975.0,12774350.0,502607350.0,0.8971
2024-12-10,247623625.0,289612725.0,12791275.0,537236350.0,0.855
2024-12-11,268191800.0,309574550.0,12759575.0,577766350.0,0.8663
2024-12-12,259914125.0,341576050.0,12807750.0,601490175.0,0.7609
2024-12-13,203400375.0,182179150.0,12595125.0,385579525.0,1.1165
2024-12-16,218109925.0,241369000.0,12769575.0,459478925.0,0.9036
2024-12-17,218813100.0,339060925.0,13376200.0,557874025.0,0.6454
2024-12-18,216771025.0,393373900.0,13565650.0,610144925.0,0.5511
2024-12-19,260256750.0,350937975.0,13869975.0,611194725.0,0.7416
2024-12-20,167273575.0,210089550.0,14615875.0,377363125.0,0.7962
2024-12-23,205677825.0,243891775.0,14315575.0,449569600.0,0.8433
2024-12-24,233159650.0,248729625.0,14347175.0,481889275.0,0.9374
2024-12-26,275481375.0,311465125.0,15565100.0,586946500.0,0.8845
2024-12-27,158756050.0,153785125.0,12672125.0,312541175.0,1.0323
2024-12-30,176822575.0,200112075.0,13432800.0,376934650.0,0.8836
2024-12-31,249190425.0,251115375.0,14426625.0,500305800.0,0.9923
2025-01-01,281261475.0,266221125.0,14442700.0,547482600.0,1.0565
2025-01-02,321707900.0,263401525.0,13716000.0,585109425.0,1.2214
2025-01-03,191330525.0,221588375.0,13880025.0,412918900.0,0.8635
2025-01-06,193115050.0,268612925.0,13718325.0,461727975.0,0.7189
2025-01-07,224670550.0,275548375.0,14018725.0,500218925.0,0.8154
2025-01-08,245796175.0,294759400.0,14454500.0,540555575.0,0.8339
2025-01-09,272267925.0,355608925.0,15417200.0,627876850.0,0.7656
2025-01-10,173642300.0,196283200.0,15762350.0,369925500.0,0.8847
2025-01-13,199905750.0,277508875.0,16611325.0,477414625.0,0.7204
2025-01-14,245311100.0,284308275.0,16967450.0,529619375.0,0.8628
2025-01-15,250154300.0,304935875.0,16865325.0,555090175.0,0.8204
2025-01-16,288802825.0,343678550.0,17193100.0,632481375.0,0.8403
2025-01-17,170296675.0,187139025.0,17990050.0,357435700.0,0.91
2025-01-20,208966425.0,202950325.0,18250125.0,411916750.0,1.0296
2025-01-21,197712150.0,255888025.0,19418200.0,453600175.0,0.7727
2025-01-22,235493950.0,268554300.0,19519975.0,504048250.0,0.8769
2025-01-23,298997325.0,298609100.0,19504675.0,597606425.0,1.0013
2025-01-24,152222600.0,180256950.0,19632350.0,332479550.0,0.8445
2025-01-27,165518225.0,219402500.0,20130350.0,384920725.0,0.7544
2025-01-28,203279075.0,214647100.0,20759500.0,417926175.0,0.947
2025-01-29,227369300.0,214928900.0,20986050.0,442298200.0,1.0579
2025-01-30,224801800.0,244584200.0,22419700.0,469386000.0,0.9191
2025-01-31,162473000.0,161331075.0,18675075.0,323804075.0,1.0071
2025-02-03,232330325.0,266951575.0,18069150.0,499281900.0,0.8703
2025-02-04,272453525.0,234835400.0,17686875.0,507288925.0,1.1602
2025-02-05,281888375.0,290010575.0,17616600.0,571898950.0,0.972
2025-02-06,292406025.0,349877825.0,17853600.0,642283850.0,0.8357
2025-02-07,163650650.0,196460450.0,17872200.0,360111100.0,0.833
2025-02-10,183986300.0,244778975.0,18319725.0,428765275.0,0.7516
2025-02-11,197169525.0,285559600.0,18618300.0,482729125.0,0.6905
2025-02-12,221689675.0,294542000.0,19125000.0,516231675.0,0.7527
2025-02-13,249106150.0,310318850.0,18976800.0,559425000.0,0.8027
2025-02-14,171364450.0,221270075.0,19362750.0,392634525.0,0.7745
2025-02-17,200314875.0,229589175.0,19355850.0,429904050.0,0.8725
2025-02-18,210348600.0,251537675.0,19183500.0,461886275.0,0.8363
2025-02-19,214301600.0,267321125.0,19393500.0,481622725.0,0.8017
2025-02-20,248393950.0,286024275.0,19724025.0,534418225.0,0.8684
2025-02-21,172886600.0,211111275.0,19749075.0,383997875.0,0.8189
2025-02-24,197955825.0,278801400.0,20630175.0,476757225.0,0.71
2025-02-25,212527725.0,275105325.0,20586075.0,487633050.0,0.7725
2025-02-27,251391175.0,291476500.0,21107025.0,542867675.0,0.8625
2025-02-28,178590775.0,230041675.0,18992850.0,408632450.0,0.7763
2025-03-03,206146800.0,255409100.0,19314000.0,461555900.0,0.8071
2025-03-04,233689100.0,270792525.0,19746600.0,504481625.0,0.863
2025-03-05,288605100.0,274138850.0,19825275.0,562743950.0,1.0528
2025-03-06,341376300.0,308293300.0,20118750.0,649669600.0,1.1073
2025-03-07,237282850.0,220594925.0,20133900.0,457877775.0,1.0756
2025-03-10,240938750.0,265403500.0,19879875.0,506342250.0,0.9078
2025-03-11,296012625.0,271667700.0,19986675.0,567680325.0,1.0896
2025-03-12,295701925.0,307075575.0,20048625.0,602777500.0,0.963
2025-03-13,312123925.0,360620600.0,20192475.0,672744525.0,0.8655
2025-03-17,246597125.0,235504875.0,19949850.0,482102000.0,1.0471
2025-03-18,312812900.0,242285250.0,19803600.0,555098150.0,1.2911
2025-03-19,319435900.0,265205750.0,19889850.0,584641650.0,1.2045
2025-03-20,359806300.0,313661725.0,19259250.0,673468025.0,1.1471
2025-03-21,256471700.0,223524475.0,18640275.0,479996175.0,1.1474
2025-03-24,290375600.0,237959450.0,19012500.0,528335050.0,1.2203
2025-03-25,299829075.0,288822250.0,19811025.0,588651325.0,1.0381
2025-03-26,290773425.0,316250975.0,18524475.0,607024400.0,0.9194
2025-03-27,310563800.0,308796500.0,18495225.0,619360300.0,1.0057
2025-03-28,203472300.0,221069650.0,14425950.0,424541950.0,0.9204
2025-04-01,228904375.0,301498975.0,14630475.0,530403350.0,0.7592
2025-04-02,292384925.0,305899150.0,14522400.0,598284075.0,0.9558
2025-04-03,375488950.0,329462175.0,14964750.0,704951125.0,1.1397
2025-04-04,205797975.0,276794850.0,15694275.0,482592825.0,0.7435
2025-04-07,202466900.0,280637650.0,16389150.0,483104550.0,0.7215
2025-04-08,248038600.0,293950525.0,15972975.0,541989125.0,0.8438
2025-04-09,319294400.0,355590600.0,15832125.0,674885000.0,0.8979
2025-04-11,191968050.0,200899225.0,15696000.0,392867275.0,0.9555
2025-04-15,229765950.0,246543575.0,15264375.0,476309525.0,0.9319
2025-04-16,250086575.0,254985075.0,15193125.0,505071650.0,0.9808
2025-04-17,348690575.0,303886275.0,15482925.0,652576850.0,1.1474
2025-04-21,241850475.0,209518100.0,15745050.0,451368575.0,1.1543
2025-04-22,257653675.0,234318100.0,16090050.0,491971775.0,1.0996
2025-04-23,287656800.0,261249025.0,15912750.0,548905825.0,1.1011
2025-04-24,264451125.0,295357825.0,16217625.0,559808950.0,0.8954
2025-04-25,180921250.0,207129475.0,13207425.0,388050725.0,0.8735
2025-04-28,258481400.0,212547225.0,14231700.0,471028625.0,1.2161
2025-04-29,264978175.0,281294950.0,14777550.0,546273125.0,0.942
2025-04-30,326987075.0,304863550.0,15100500.0,631850625.0,1.0726
2025-05-02,183702950.0,202843075.0,14730075.0,386546025.0,0.9056
2025-05-05,239802300.0,247797775.0,15381975.0,487600075.0,0.9677
2025-05-06,256233950.0,277057525.0,15479475.0,533291475.0,0.9248
2025-05-07,286601900.0,295406125.0,15165975.0,582008025.0,0.9702
2025-05-08,336985700.0,335960850.0,14940000.0,672946550.0,1.0031
2025-05-09,175470875.0,186384125.0,14973075.0,361855000.0,0.9414
2025-05-12,257928475.0,199666025.0,15693675.0,457594500.0,1.2918
2025-05-13,251472275.0,295494475.0,15554775.0,546966750.0,0.851
2025-05-14,275242475.0,309152375.0,15015675.0,584394850.0,0.8903
2025-05-15,353210925.0,326047675.0,15978750.0,679258600.0,1.0833
2025-05-16,199411275.0,205916525.0,16019475.0,405327800.0,0.9684
2025-05-19,211674600.0,257471100.0,15959925.0,469145700.0,0.8221
2025-05-20,222522175.0,320750050.0,17475450.0,543272225.0,0.6938
2025-05-21,250451050.0,308177900.0,18509250.0,558628950.0,0.8127
2025-05-22,288554750.0,363823575.0,18830700.0,652378325.0,0.7931
2025-05-23,207220625.0,190968425.0,19413900.0,398189050.0,1.0851
2025-05-26,229091750.0,215268775.0,19739400.0,444360525.0,1.0642
2025-05-27,231615975.0,282271225.0,19183650.0,513887200.0,0.8205
2025-05-28,232927500.0,307438200.0,19785300.0,540365700.0,0.7576
2025-05-29,253815275.0,320118725.0,18872850.0,573934000.0,0.7929
2025-05-30,159721050.0,208139900.0,15615525.0,367860950.0,0.7674
2025-06-02,195254425.0,237892425.0,15563100.0,433146850.0,0.8208
2025-06-03,206335575.0,319834975.0,16340100.0,526170550.0,0.6451
2025-06-04,231695625.0,317099125.0,16581675.0,548794750.0,0.7307
2025-06-05,281774175.0,333711025.0,17288025.0,615485200.0,0.8444
2025-06-06,204153525.0,194529275.0,17373150.0,398682800.0,1.0495
2025-06-09,230212450.0,228158150.0,17393400.0,458370600.0,1.009
2025-06-10,249992650.0,257020300.0,17086575.0,507012950.0,0.9727
2025-06-11,270464075.0,278060800.0,17158575.0,548524875.0,0.9727
2025-06-12,267835650.0,369073000.0,17574525.0,636908650.0,0.7257
2025-06-13,182861025.0,205077275.0,18170925.0,387938300.0,0.8917
2025-06-16,241858250.0,211981075.0,18375225.0,453839325.0,1.1409
2025-06-17,236311050.0,248770050.0,18419775.0,485081100.0,0.9499
2025-06-18,234819475.0,293098025.0,18192375.0,527917500.0,0.8012
2025-06-19,319088275.0,324842875.0,18323400.0,643931150.0,0.9823
2025-06-20,218857375.0,188577400.0,18890775.0,407434775.0,1.1606
2025-06-23,229831375.0,220529225.0,18579300.0,450360600.0,1.0422
2025-06-24,233679300.0,273822300.0,19499325.0,507501600.0,0.8534
2025-06-25,292248625.0,257728175.0,19703700.0,549976800.0,1.1339
2025-06-26,330400375.0,256152825.0,20475375.0,586553200.0,1.2899
2025-06-27,209665700.0,167658650.0,16478925.0,377324350.0,1.2506
2025-06-30,204454350.0,251730125.0,16163175.0,456184475.0,0.8122
2025-07-01,231917025.0,262825325.0,16369875.0,494742350.0,0.8824
2025-07-02,238751600.0,305251850.0,16020375.0,544003450.0,0.7821
2025-07-03,272972800.0,318456900.0,15839175.0,591429700.0,0.8572
2025-07-04,179640825.0,192171525.0,15810975.0,371812350.0,0.9348
2025-07-07,196746175.0,206566150.0,16091550.0,403312325.0,0.9525
2025-07-08,226003650.0,217488500.0,16762050.0,443492150.0,1.0392
2025-07-09,234260525.0,272131375.0,17302125.0,506391900.0,0.8608
2025-07-10,260082425.0,340693550.0,17528700.0,600775975.0,0.7634
2025-07-11,171879100.0,225902725.0,17756100.0,397781825.0,0.7609
2025-07-14,190777125.0,264647025.0,18540825.0,455424150.0,0.7209
2025-07-15,223672900.0,254441025.0,18604050.0,478113925.0,0.8791
2025-07-16,254566450.0,276763600.0,18799425.0,531330050.0,0.9198
2025-07-17,257945225.0,328275225.0,19050300.0,586220450.0,0.7858
2025-07-18,168811050.0,215719700.0,19237800.0,384530750.0,0.7825
2025-07-21,211439200.0,221390225.0,18971850.0,432829425.0,0.9551
2025-07-22,221494850.0,264543025.0,19057125.0,486037875.0,0.8373
2025-07-23,272152500.0,237799425.0,18796125.0,509951925.0,1.1445
2025-07-24,269012275.0,338004550.0,19371750.0,607016825.0,0.7959
2025-07-25,172178025.0,244642675.0,20153925.0,416820700.0,0.7038
2025-07-28,183063225.0,288055550.0,20429400.0,471118775.0,0.6355
2025-07-29,214705400.0,266939150.0,20116275.0,481644550.0,0.8043
2025-07-30,232688225.0,266507550.0,20357475.0,499195775.0,0.8731
2025-07-31,269032875.0,266006850.0,21732000.0,535039725.0,1.0114
2025-08-01,160335200.0,214741750.0,17865300.0,375076950.0,0.7466
2025-08-04,206802750.0,221143200.0,17510025.0,427945950.0,0.9352
2025-08-05,210452375.0,252230625.0,17637525.0,462683000.0,0.8344
2025-08-06,223669900.0,300267100.0,17764650.0,523937000.0,0.7449
2025-08-07,298241700.0,324829200.0,17915400.0,623070900.0,0.9181
2025-08-08,165573300.0,251499850.0,18503325.0,417073150.0,0.6583
2025-08-11,231338125.0,224620650.0,18207150.0,455958775.0,1.0299
2025-08-12,223015625.0,285446775.0,18338625.0,508462400.0,0.7813
2025-08-13,293154425.0,272180200.0,18300075.0,565334625.0,1.0771
2025-08-14,306051450.0,317561550.0,18221175.0,623613000.0,0.9638
2025-08-18,198312900.0,198991750.0,18169650.0,397304650.0,0.9966
2025-08-19,247981550.0,217368100.0,18104175.0,465349650.0,1.1408
2025-08-20,303636425.0,237964100.0,18065400.0,541600525.0,1.276
2025-08-21,311507550.0,290884725.0,17776275.0,602392275.0,1.0709
2025-08-22,177537325.0,244234900.0,17689875.0,421772225.0,0.7269
2025-08-25,208041800.0,236706275.0,18192900.0,444748075.0,0.8789
2025-08-26,198178150.0,275003075.0,18973425.0,473181225.0,0.7206
2025-08-28,256904075.0,337847275.0,20227875.0,594751350.0,0.7604
2025-08-29,194913825.0,274115225.0,17629950.0,469029050.0,0.7111
2025-09-01,296116425.0,259929800.0,17694000.0,556046225.0,1.1392
2025-09-02,309462700.0,330794725.0,17675025.0,640257425.0,0.9355
2025-09-03,220446025.0,182573975.0,17742300.0,403020000.0,1.2074
2025-09-04,229585775.0,272185100.0,18268875.0,501770875.0,0.8435
2025-09-05,252531700.0,291949500.0,18499725.0,544481200.0,0.865
2025-09-08,295518725.0,310367250.0,18472125.0,605885975.0,0.9522
2025-09-09,347660475.0,307464425.0,18479100.0,655124900.0,1.1307
2025-09-10,219178450.0,190270025.0,18846300.0,409448475.0,1.1519
2025-09-11,265861175.0,226301775.0,18740775.0,492162950.0,1.1748
2025-09-12,310200825.0,240811100.0,18428175.0,551011925.0,1.2882
2025-09-15,315522525.0,291373200.0,18511875.0,606895725.0,1.0829
2025-09-16,358327075.0,271372600.0,18081675.0,629699675.0,1.3204
2025-09-17,210812125.0,174242075.0,17902650.0,385054200.0,1.2099
2025-09-18,251673000.0,217587975.0,17929050.0,469260975.0,1.1566
2025-09-19,257159525.0,273662600.0,17792475.0,530822125.0,0.9397
2025-09-22,253739700.0,350769550.0,17925900.0,604509250.0,0.7234
2025-09-23,281460225.0,328324100.0,17792325.0,609784325.0,0.8573
2025-09-24,183445100.0,210340200.0,18508275.0,393785300.0,0.8721
2025-09-25,199019450.0,292193175.0,19208100.0,491212625.0,0.6811
2025-09-26,216512650.0,344336675.0,20299200.0,560849325.0,0.6288
2025-09-29,252084475.0,353544000.0,21082575.0,605628475.0,0.713
2025-09-30,277622625.0,328594400.0,22018050.0,606217025.0,0.8449
2025-10-01,223478175.0,188628550.0,18450750.0,412106725.0,1.1848
2025-10-03,298858500.0,254953925.0,19247475.0,553812425.0,1.1722
2025-10-06,340369400.0,255426225.0,19594950.0,595795625.0,1.3326
2025-10-07,322659450.0,309923400.0,19364250.0,632582850.0,1.0411
2025-10-08,188406875.0,236147150.0,19099575.0,424554025.0,0.7978
2025-10-09,247388650.0,233699725.0,18916500.0,481088375.0,1.0586
2025-10-10,317308250.0,240430650.0,18820050.0,557738900.0,1.3197
2025-10-13,311996225.0,297916550.0,18899250.0,609912775.0,1.0473
2025-10-14,290124150.0,355116075.0,19594950.0,645240225.0,0.817
2025-10-15,239713125.0,197706750.0,20208225.0,437419875.0,1.2125
2025-10-16,292683575.0,211647275.0,20341800.0,504330850.0,1.3829
2025-10-17,308285850.0,254102550.0,19558800.0,562388400.0,1.2132
2025-10-20,312865900.0,309859000.0,20607150.0,622724900.0,1.0097
2025-10-21,194818400.0,180433500.0,20736900.0,375251900.0,1.0797
2025-10-23,237338500.0,250114725.0,20217150.0,487453225.0,0.9489
2025-10-24,249270375.0,330010100.0,19216350.0,579280475.0,0.7553
2025-10-27,312848150.0,291926750.0,19267725.0,604774900.0,1.0717
2025-10-28,282700200.0,302837200.0,20015025.0,585537400.0,0.9335
2025-10-29,207273720.0,182499785.0,15759310.0,389773505.0,1.1357
2025-10-30,216869455.0,288908680.0,16897995.0,505778135.0,0.7507
2025-10-31,238423125.0,371783105.0,18134280.0,610206230.0,0.6413
2025-11-03,275951800.0,353339100.0,18051550.0,629290900.0,0.781
2025-11-04,288306270.0,382133190.0,19078980.0,670439460.0,0.7545
2025-11-06,211172995.0,272985025.0,19113125.0,484158020.0,0.7736
2025-11-07,266166330.0,284979625.0,20150750.0,551145955.0,0.934
2025-11-10,303333545.0,307374660.0,20149875.0,610708205.0,0.9869
2025-11-11,343586350.0,313377010.0,20187575.0,656963360.0,1.0964
2025-11-12,216883440.0,176699605.0,19539630.0,393583045.0,1.2274
2025-11-13,229329625.0,208693250.0,19480070.0,438022875.0,1.0989
2025-11-14,263030495.0,287226455.0,20473240.0,550256950.0,0.9158
2025-11-17,317381500.0,280930490.0,20392960.0,598311990.0,1.1298
2025-11-18,307270100.0,326953935.0,20218135.0,634224035.0,0.9398
2025-11-19,230234730.0,178991725.0,19653875.0,409226455.0,1.2863
2025-11-20,281716225.0,195577170.0,19784570.0,477293395.0,1.4404
2025-11-21,252004895.0,245413495.0,20582775.0,497418390.0,1.0269
2025-11-24,248142155.0,320724365.0,20970810.0,568866520.0,0.7737
2025-11-25,265565545.0,321925915.0,21158640.0,587491460.0,0.8249
2025-11-26,253550380.0,174517940.0,14927150.0,428068320.0,1.4529
2025-11-27,258858875.0,223419715.0,14821415.0,482278590.0,1.1586
2025-11-28,287928715.0,252133055.0,14679575.0,540061770.0,1.142
2025-12-01,287670920.0,323709815.0,15185525.0,611380735.0,0.8887
2025-12-02,303649645.0,365442385.0,15790000.0,669092030.0,0.8309
2025-12-03,196845705.0,230925785.0,16508630.0,427771490.0,0.8524
2025-12-04,225144385.0,243074365.0,16449565.0,468218750.0,0.9262
2025-12-05,294903035.0,242152565.0,16136145.0,537055600.0,1.2178
2025-12-08,256683070.0,400113780.0,17500195.0,656796850.0,0.6415
2025-12-09,285142340.0,363780825.0,18134690.0,648923165.0,0.7838
2025-12-10,187604255.0,258353015.0,18607535.0,445957270.0,0.7262
2025-12-11,234850050.0,250442705.0,18136675.0,485292755.0,0.9377
2025-12-12,288538345.0,250572015.0,18194845.0,539110360.0,1.1515
2025-12-15,332479315.0,280805065.0,17795580.0,613284380.0,1.184
2025-12-16,286469540.0,340745810.0,18188685.0,627215350.0,0.8407
2025-12-17,188770280.0,245713765.0,18569085.0,434484045.0,0.7683
2025-12-18,212366530.0,255442560.0,18298915.0,467809090.0,0.8314
2025-12-19,274836535.0,242848720.0,17496125.0,517685255.0,1.1317
2025-12-22,335028015.0,236380275.0,17165035.0,571408290.0,1.4173
2025-12-23,314985725.0,277790565.0,16764570.0,592776290.0,1.1339
2025-12-24,206561790.0,209889660.0,16515275.0,416451450.0,0.9841
2025-12-26,212538350.0,279261685.0,16650460.0,491800035.0,0.7611
2025-12-29,220475150.0,326559385.0,17790095.0,547034535.0,0.6751
2025-12-30,257650245.0,300867875.0,20897105.0,558518120.0,0.8564
2025-12-31,210255040.0,166041610.0,15360605.0,376296650.0,1.2663
2026-01-01,238406035.0,210725375.0,15379715.0,449131410.0,1.1314
2026-01-02,317707570.0,217136480.0,15169960.0,534844050.0,1.4632
2026-01-05,283680305.0,284002615.0,15334345.0,567682920.0,0.9989
2026-01-06,295807525.0,323577060.0,15630420.0,619384585.0,0.9142
2026-01-07,188515040.0,212515535.0,15707445.0,401030575.0,0.8871
2026-01-08,208429230.0,313698250.0,18176665.0,522127480.0,0.6644
2026-01-09,228481240.0,367545440.0,18956730.0,596026680.0,0.6216
2026-01-12,301525470.0,336807715.0,18987410.0,638333185.0,0.8952
2026-01-13,288500925.0,364837485.0,19241300.0,653338410.0,0.7908
2026-01-14,196501885.0,242604825.0,19282510.0,439106710.0,0.81
2026-01-16,230656440.0,303881215.0,18938985.0,534537655.0,0.759
2026-01-19,272145195.0,354930070.0,19193655.0,627075265.0,0.7668
2026-01-20,258855015.0,397379270.0,20240155.0,656234285.0,0.6514
2026-01-21,190524450.0,243274430.0,20138820.0,433798880.0,0.7832
2026-01-22,218117770.0,249425910.0,20976085.0,467543680.0,0.8745
2026-01-23,224820030.0,320852830.0,22178455.0,545672860.0,0.7007
2026-01-27,279037655.0,298026655.0,24632400.0,577064310.0,0.9363
2026-01-28,161205950.0,166048825.0,17879680.0,327254775.0,0.9708
2026-01-29,191940055.0,181664630.0,19218160.0,373604685.0,1.0566
2026-01-30,202412050.0,224953435.0,19673420.0,427365485.0,0.8998
2026-02-02,315564300.0,321499860.0,18924360.0,637064160.0,0.9815
2026-02-03,329380835.0,343485235.0,17435145.0,672866070.0,0.9589
2026-02-04,217084045.0,202948775.0,17035070.0,420032820.0,1.0696
2026-02-05,225788545.0,277939155.0,17180475.0,503727700.0,0.8124
2026-02-06,275722810.0,285824020.0,17540120.0,561546830.0,0.9647
2026-02-09,327888835.0,295601870.0,16909360.0,623490705.0,1.1092
2026-02-10,345694570.0,305246085.0,16676985.0,650940655.0,1.1325
2026-02-11,205773420.0,195031925.0,16714165.0,400805345.0,1.0551
2026-02-12,213779490.0,262098435.0,17104815.0,475877925.0,0.8156
2026-02-13,224529450.0,347499020.0,18266430.0,572028470.0,0.6461
2026-02-16,318571145.0,287878530.0,17709185.0,606449675.0,1.1066
2026-02-17,339121740.0,305637830.0,17685070.0,644759570.0,1.1096
2026-02-18,216203335.0,177496500.0,17751175.0,393699835.0,1.2181
2026-02-19,207355050.0,297098445.0,18252845.0,504453495.0,0.6979
2026-02-20,260232700.0,266809595.0,18538260.0,527042295.0,0.9753
2026-02-23,297793805.0,281882245.0,19804850.0,579676050.0,1.0564
2026-02-24,285942895.0,322912130.0,20919860.0,608855025.0,0.8855
2026-02-25,177603380.0,202681275.0,13901940.0,380284655.0,0.8763
2026-02-26,207337485.0,235645775.0,14064375.0,442983260.0,0.8799
2026-02-27,216921760.0,346307425.0,16107260.0,563229185.0,0.6264
2026-03-02,302192705.0,323720385.0,17053205.0,625913090.0,0.9335
2026-03-04,170146910.0,178927960.0,17939285.0,349074870.0,0.9509
2026-03-05,204929535.0,201919985.0,17869475.0,406849520.0,1.0149
2026-03-06,213139885.0,255213740.0,18279430.0,468353625.0,0.8351
2026-03-09,268153880.0,269603790.0,20247435.0,537757670.0,0.9946
2026-03-10,339922225.0,331685520.0,20273825.0,671607745.0,1.0248
2026-03-11,186172460.0,223110775.0,21392800.0,409283235.0,0.8344
2026-03-12,206756845.0,240860925.0,21744125.0,447617770.0,0.8584
2026-03-13,221635210.0,296235250.0,23888410.0,517870460.0,0.7482
2026-03-16,291754995.0,283845905.0,22332895.0,575600900.0,1.0279
2026-03-17,354025565.0,319984750.0,21921120.0,674010315.0,1.1064
2026-03-18,220492270.0,193442950.0,21585005.0,413935220.0,1.1398
2026-03-19,210718520.0,232081470.0,21897135.0,442799990.0,0.908
2026-03-20,240072580.0,256958885.0,22509370.0,497031465.0,0.9343
2026-03-23,247694595.0,293312470.0,23287550.0,541007065.0,0.8445
2026-03-24,322461195.0,317091960.0,23304710.0,639553155.0,1.0169
2026-03-25,225252540.0,186278450.0,23063690.0,411530990.0,1.2092
2026-03-27,237831010.0,253561765.0,25269660.0,491392775.0,0.938
2026-03-30,266264285.0,322862035.0,29861975.0,589126320.0,0.8247
2026-04-01,161148120.0,173241955.0,23023975.0,334390075.0,0.9302
2026-04-02,213426800.0,195319895.0,23852465.0,408746695.0,1.0927
2026-04-06,275135190.0,225093355.0,24259625.0,500228545.0,1.2223
2026-04-07,364991810.0,288600645.0,24528855.0,653592455.0,1.2647
2026-04-08,192281925.0,170631610.0,23000900.0,362913535.0,1.1269
2026-04-09,207890550.0,213651855.0,22720035.0,421542405.0,0.973
2026-04-10,255537745.0,226333335.0,21503040.0,481871080.0,1.129
2026-04-13,344862730.0,294194920.0,21726900.0,639057650.0,1.1722
2026-04-15,190742950.0,169582250.0,21075470.0,360325200.0,1.1248
2026-04-16,214192985.0,218126925.0,20780175.0,432319910.0,0.982
2026-04-17,260436530.0,237893495.0,20544095.0,498330025.0,1.0948
2026-04-20,265842655.0,234479125.0,20196280.0,500321780.0,1.1338
2026-04-21,373382615.0,276777390.0,19910865.0,650160005.0,1.349
2026-04-22,190030745.0,186817950.0,20361510.0,376848695.0,1.0172
2026-04-23,209962630.0,227427670.0,20320820.0,437390300.0,0.9232
2026-04-24,222074585.0,283249205.0,21139560.0,505323790.0,0.784
2026-04-27,263230185.0,263960270.0,21537295.0,527190455.0,0.9972
2026-04-28,281809520.0,321999700.0,21966360.0,603809220.0,0.8752
2026-04-29,176009810.0,169052265.0,15698540.0,345062075.0,1.0412
2026-04-30,199342045.0,202792520.0,16707535.0,402134565.0,0.983
2026-05-04,241488940.0,301435305.0,17341155.0,542924245.0,0.8011
2026-05-05,335217915.0,346881190.0,17856085.0,682099105.0,0.9664
2026-05-06,212634745.0,179240005.0,18340855.0,391874750.0,1.1863
2026-05-07,230958725.0,213542115.0,18858320.0,444500840.0,1.0816
2026-05-08,236808780.0,253798255.0,19210165.0,490607035.0,0.9331
2026-05-11,247928310.0,327763790.0,20199075.0,575692100.0,0.7564
2026-05-12,281104340.0,410370240.0,21946730.0,691474580.0,0.685
2026-05-13,194641540.0,208279665.0,21815690.0,402921205.0,0.9345
2026-05-14,244540545.0,209797710.0,21145475.0,454338255.0,1.1656
2026-05-15,258627645.0,256947145.0,20950995.0,515574790.0,1.0065
2026-05-18,331461190.0,267392460.0,20271680.0,598853650.0,1.2396
2026-05-19,350450040.0,363552240.0,20349550.0,714002280.0,0.964
2026-05-20,219393060.0,177130825.0,20444970.0,396523885.0,1.2386
2026-05-21,234803885.0,234823285.0,21288735.0,469627170.0,0.9999
2026-05-22,247121380.0,229868245.0,21157240.0,476989625.0,1.0751
2026-05-25,308517355.0,245123265.0,20835490.0,553640620.0,1.2586
2026-05-26,311484570.0,318770615.0,22071985.0,630255185.0,0.9771
2026-05-27,196614915.0,193223205.0,15870985.0,389838120.0,1.0176
2026-05-29,220550835.0,296241825.0,18557370.0,516792660.0,0.7445
2026-06-01,240454820.0,347049760.0,19309875.0,587504580.0,0.6929
2026-06-02,364026345.0,345349010.0,19204185.0,709375355.0,1.0541
2026-06-03,204934705.0,201634075.0,20962955.0,406568780.0,1.0164
2026-06-04,238100615.0,237347705.0,21673730.0,475448320.0,1.0032
2026-06-05,248801450.0,300730830.0,21565960.0,549532280.0,0.8273
2026-06-08,263959230.0,339961760.0,21747440.0,603920990.0,0.7764
2026-06-09,347457375.0,373440845.0,21630895.0,720898220.0,0.9304
2026-06-10,201736380.0,215900190.0,21358870.0,417636570.0,0.9344
2026-06-11,231825210.0,235295085.0,21075015.0,467120295.0,0.9853
2026-06-12,324007585.0,229466800.0,20610460.0,553474385.0,1.412
2026-06-15,309950735.0,313675765.0,20351825.0,623626500.0,0.9881
2026-06-16,394354090.0,354737030.0,19725615.0,749091120.0,1.1117
2026-06-17,221362330.0,201230750.0,19445335.0,422593080.0,1.1
2026-06-18,255411265.0,227452495.0,19224790.0,482863760.0,1.1229
2026-06-19,249523685.0,274192695.0,19645600.0,523716380.0,0.91
2026-06-22,293326330.0,303841835.0,19353165.0,597168165.0,0.9654
2026-06-23,316445250.0,439909845.0,20072650.0,756355095.0,0.7193
2026-06-24,247026275.0,204414365.0,20197385.0,451440640.0,1.2085
2026-06-25,251073890.0,236687340.0,20097480.0,487761230.0,1.0608
2026-06-29,282632305.0,332387585.0,20838220.0,615019890.0,0.8503
2026-06-30,330716940.0,365187280.0,24229985.0,695904220.0,0.9056
2026-07-01,216708760.0,190950265.0,19499285.0,407659025.0,1.1349
2026-07-02,254848880.0,198779520.0,18904210.0,453628400.0,1.2821
2026-07-03,279852080.0,262577040.0,18798650.0,542429120.0,1.0658
2026-07-06,337978985.0,244889855.0,18396040.0,582868840.0,1.3801
2026-07-07,366103995.0,356006590.0,18089370.0,722110585.0,1.0284
2026-07-08,190573860.0,235940825.0,19346860.0,426514685.0,0.8077
2026-07-09,227964425.0,242158060.0,19128525.0,470122485.0,0.9414
2026-07-10,294236940.0,235413325.0,18963555.0,529650265.0,1.2499
2026-07-13,360241760.0,251863060.0,18838365.0,612104820.0,1.4303
2026-07-14,371770895.0,367374840.0,18750225.0,739145735.0,1.012
2026-07-15,196553790.0,207440090.0,18687435.0,403993880.0,0.9475
2026-07-16,218875805.0,225642260.0,17862455.0,444518065.0,0.97
2026-07-17,314386645.0,220875320.0,17200170.0,535261965.0,1.4234
2026-07-20,317562565.0,248799135.0,16749850.0,566361700.0,1.2764
2026-07-21,357145380.0,393966350.0,17145180.0,751111730.0,0.9065
2026-07-22,210392390.0,249336120.0,17956575.0,459728510.0,0.8438
2026-07-23,223716760.0,280845390.0,18509530.0,504562150.0,0.7966
2026-07-24,261041740.0,292652195.0,19273475.0,553693935.0,0.892
2026-07-27,311686785.0,281824980.0,18801900.0,593511765.0,1.106
2026-07-28,320415195.0,323757785.0,20244835.0,644172980.0,0.9897
2026-07-29,212957345.0,179949090.0,14365065.0,392906435.0,1.1834
2026-07-30,250140480.0,198894020.0,14284855.0,449034500.0,1.2577
2026-07-31,312432925.0,225321145.0,13783640.0,537754070.0,1.3866
2026-08-03,350093520.0,250418090.0,13158860.0,600511610.0,1.398
2026-08-04,303914920.0,304638885.0,13132470.0,608553805.0,0.9976
2026-08-05,200936575.0,221584895.0,13745225.0,422521470.0,0.9068
2026-08-06,231727230.0,221757195.0,13269620.0,453484425.0,1.045
2026-08-07,245731515.0,276235725.0,13558155.0,521967240.0,0.8896
2026-08-10,294015740.0,297378455.0,13722865.0,591394195.0,0.9887
2026-08-11,312805375.0,358410180.0,13853580.0,671215555.0,0.8728
2026-08-12,206277395.0,224865690.0,14481935.0,431143085.0,0.9173
2026-08-13,236820525.0,257388970.0,14708330.0,494209495.0,0.9201
2026-08-14,265589295.0,270278360.0,14918800.0,535867655.0,0.9827
2026-08-17,290509710.0,293180805.0,15139215.0,583690515.0,0.9909
2026-08-18,314751140.0,408303835.0,15738450.0,723054975.0,0.7709
